time_s,throttle,brake,acceleration_true_mps2,speed_true_mps,acceleration_observed_mps2,speed_observed_mps,speed_next_true_mps
0.0,0.0,0.0,0.0,0.0,-0.08669590618864485,0.07617926993860784,0.0
0.1,0.0,0.0,0.0,0.0,0.0275683923800286,0.0,0.0
0.2,0.0,0.0,0.0,0.0,0.03034240274921304,0.1876127989516143,0.0
0.30000000000000004,0.0,0.0,0.0,0.0,0.10298648892840523,0.23514117909780347,0.0
0.4,0.0,0.0,0.0,0.0,0.08799837202736668,0.0,0.0
0.5,0.0,0.0,0.0,0.0,-0.010578292522493768,0.0,0.0
0.6000000000000001,0.0,0.0,0.0,0.0,-0.09953647030886956,0.03196010079182134,0.0
0.7000000000000001,0.0,0.0,0.0,0.0,-0.025528527760871826,0.0,0.0
0.8,0.0,0.0,0.0,0.0,0.017378495584841974,0.0,0.0
0.9,0.0,0.0,0.0,0.0,-0.016166659631152328,0.0,0.0
1.0,0.0,0.0,0.0,0.0,-0.046231528646212466,0.21984949371570714,0.0
1.1,0.0,0.0,0.0,0.0,0.020230785197591913,0.19444798385723708,0.0
1.2000000000000002,0.0,0.0,0.0,0.0,-0.040316619312848835,0.01650767439030401,0.0
1.3,0.0,0.0,0.0,0.0,-0.05024528669802992,0.2818103017420082,0.0
1.4000000000000001,0.0,0.0,0.0,0.0,0.024916226744275165,0.1168773355630114,0.0
1.5,0.0,0.0,0.0,0.0,-0.032159406410336384,0.0,0.0
1.6,0.0,0.0,0.0,0.0,0.01952835111826817,0.09218769602062471,0.0
1.7000000000000002,0.0,0.0,0.0,0.0,0.021856321828169815,0.0,0.0
1.8,0.0,0.0,0.0,0.0,-0.09115432008732598,0.21961257532681813,0.0
1.9000000000000001,0.0,0.0,0.0,0.0,-0.03849928990923297,0.0,0.0
2.0,0.65,0.0,1.85,0.0,1.9650221551933171,0.0,0.18500000000000003
2.1,0.65,0.0,1.8498973250000001,0.18500000000000003,1.7569309639812571,0.014767613899014681,0.36998973250000006
2.2,0.65,0.0,1.8495893227935338,0.36998973250000006,1.6802569668758913,0.6756250671685076,0.5549486647793535
2.3000000000000003,0.65,0.0,1.849076095938379,0.5549486647793535,1.700128483678978,0.5163162942621529,0.7398562743731913
2.4000000000000004,0.65,0.0,1.848357838079812,0.7398562743731913,1.8506866338059456,0.6327743188324145,0.9246920581811726
2.5,0.65,0.0,1.84743483379261,0.9246920581811726,1.849908216035226,0.8366586705591152,1.1094355415604336
2.6,0.65,0.0,1.8463074583373675,1.1094355415604336,1.8368985899033579,1.2425128379487707,1.2940662873941704
2.7,0.65,0.0,1.8449761773314897,1.2940662873941704,1.9421113636457699,1.38542730348519,1.4785639051273194
2.8000000000000003,0.65,0.0,1.843441546335364,1.4785639051273194,1.6296147916871289,1.5817470580263164,1.6629080597608559
2.9000000000000004,0.65,0.0,1.8417042103543473,1.6629080597608559,1.8733789203088131,1.7706133105128266,1.8470784807962906
3.0,0.65,0.0,1.839764903257338,1.8470784807962906,1.9646799594016238,2.382490381013906,2.0310549711220243
3.1,0.65,0.0,1.8376244471128416,2.0310549711220243,1.7474019859215044,1.9294512170258704,2.2148174158333083
3.2,0.65,0.0,1.8352837514435645,2.2148174158333083,1.8048992305003728,2.086756733565424,2.3983457909776646
3.3000000000000003,0.65,0.0,1.8327438124006992,2.3983457909776646,1.7725124590224095,2.194902608915695,2.5816201722177348
3.4000000000000004,0.65,0.0,1.8300057118591955,2.5816201722177348,1.7584580281729931,2.7356150278616087,2.7646207434036545
3.5,0.65,0.0,1.8270706164354267,2.7646207434036545,1.8009696560335835,3.0468638165838775,2.9473278050471974
3.6,0.65,0.0,1.823939776428787,2.9473278050471974,1.9381385991235474,2.9188409406334785,3.1297217826900763
3.7,0.65,0.0,1.8206145246888659,3.1297217826900763,1.9676054587278675,2.919682663449444,3.3117832351589627
3.8000000000000003,0.65,0.0,1.8170962754099602,3.3117832351589627,1.7902211374067485,3.105662931236153,3.493492862699959
3.9000000000000004,0.65,0.0,1.8133865228547934,3.493492862699959,1.965791339979951,3.656141059656134,3.674831514985438
4.0,0.65,0.0,1.8094868400094095,3.674831514985438,1.8123329581681795,3.8606450577862987,3.855780198986379
4.1000000000000005,0.65,0.0,1.8053988771713139,3.855780198986379,1.9456941593074004,3.9915687660626777,4.036320086703511
4.2,0.65,0.0,1.8011243604730214,4.036320086703511,1.793660468500742,3.8699426598813376,4.2164325227508135
4.3,0.65,0.0,1.7966650903432677,4.2164325227508135,1.8071497164269592,4.274472853517493,4.39609903178514
4.4,0.65,0.0,1.7920229399082133,4.39609903178514,1.82126089771964,4.425270484070323,4.575301325775961
4.5,0.65,0.0,1.7871998533350584,4.575301325775961,2.0415081476844614,4.629973474958215,4.754021311109467
4.6000000000000005,0.65,0.0,1.7821978441205513,4.754021311109467,1.8503006901081345,4.971878505596514,4.932241095521522
4.7,0.65,0.0,1.777018993326946,4.932241095521522,1.720437830930829,4.988139982715192,5.109942994854216
4.800000000000001,0.65,0.0,1.7716654477680212,5.109942994854216,1.8491852773900899,5.27967138562219,5.287109539631018
4.9,0.65,0.0,1.766139418147828,5.287109539631018,1.7371928151810807,5.304004307003241,5.463723481445801
5.0,0.65,0.0,1.7604431771548934,5.463723481445801,1.7212631625227968,5.536003331118297,5.639767799161291
5.1000000000000005,0.65,0.0,1.7545790575146303,5.639767799161291,1.8272671663059992,5.7975898556209255,5.815225704912754
5.2,0.65,0.0,1.748549450002766,5.815225704912754,1.7510362970244584,5.450936749948837,5.990080649913031
5.300000000000001,0.65,0.0,1.7423568014226125,5.990080649913031,1.764642874583557,5.910162845823706,6.164316330055292
5.4,0.65,0.0,1.736003612549041,6.164316330055292,1.7371224302982644,6.046723166482093,6.337916691310196
5.5,0.65,0.0,1.729492436042035,6.337916691310196,1.7564190861704698,6.17819722924936,6.510865934914399
5.6000000000000005,0.65,0.0,1.7228258743327138,6.510865934914399,1.7568231461276058,6.442080372107728,6.68314852234767
5.7,0.65,0.0,1.7160065774847266,6.68314852234767,1.5610492228682933,7.056883850156269,6.854749180096142
5.800000000000001,0.65,0.0,1.7090372410339139,6.854749180096142,1.7623630545226765,6.638291401172832,7.025652904199534
5.9,0.65,0.0,1.7019206038091381,7.025652904199534,1.623359050222714,7.267722492847404,7.195844964580448
6.0,0.65,0.0,1.6946594457371666,7.195844964580448,1.5792755148924138,6.775127521676496,7.365310909154164
6.1000000000000005,0.65,0.0,1.687256585634484,7.365310909154164,1.6825836861257895,7.281589651657721,7.534036567717613
6.2,0.65,0.0,1.6797148789888814,7.534036567717613,1.6864333592540377,7.574724833993864,7.702008055616501
6.300000000000001,0.65,0.0,1.6720372157336556,7.702008055616501,1.6165567225678732,7.84856363845632,7.869211777189866
6.4,0.65,0.0,1.6642265180172089,7.869211777189866,1.7307090666306468,8.04701842213808,8.035634428991587
6.5,0.65,0.0,1.6562857379708151,8.035634428991587,1.5489117246611426,8.233971237791568,8.201263002788668
6.6000000000000005,0.65,0.0,1.6482178554772695,8.201263002788668,1.6156623555754648,8.11408173472656,8.366084788336394
6.7,0.65,0.0,1.6400258759430992,8.366084788336394,1.5932359451484592,8.250496840170252,8.530087375930703
6.800000000000001,0.65,0.0,1.631712828076963,8.530087375930703,1.6279858464498158,8.744581346244992,8.693258658738399
6.9,0.65,0.0,1.6232817616768096,8.693258658738399,1.6455909044485888,8.645432577517996,8.855586834906081
7.0,0.65,0.0,1.6147357454283144,8.855586834906081,1.5341043094584308,8.5366652540716,9.017060409448913
7.1000000000000005,0.65,0.0,1.606077864717047,9.017060409448913,1.6640204789135453,8.733738605948043,9.177668195920617
7.2,0.65,0.0,1.5973112194567616,9.177668195920617,1.6023514089235376,8.947805124420215,9.337399317866293
7.300000000000001,0.65,0.0,1.5884389219361303,9.337399317866293,1.4370832216711775,9.461689503879734,9.496243210059905
7.4,0.65,0.0,1.5794640946861735,9.496243210059905,1.422776779454411,9.531849644077546,9.654189619528523
7.5,0.65,0.0,1.5703898683705633,9.654189619528523,1.5694043249362184,9.826810958045465,9.81122860636558
7.6000000000000005,0.65,0.0,1.5612193797009013,9.81122860636558,1.5435419942779929,9.704415444781446,9.96735054433567
7.7,0.65,0.0,1.5519557693789943,9.96735054433567,1.5436821602930235,10.006985467104847,10.122546121273569
7.800000000000001,0.65,0.0,1.5426021800680685,10.122546121273569,1.540363583545651,10.278943719765403,10.276806339280375
7.9,0.65,0.0,1.5331617543947802,10.276806339280375,1.5512065415555947,10.199469704350316,10.430122514719853
8.0,0.65,0.0,1.5236376329838022,10.430122514719853,1.5994496017716662,10.544316324109205,10.582486278018234
8.1,0.65,0.0,1.5140329525266676,10.582486278018234,1.4251445604532629,10.417004792751571,10.7338895732709
8.200000000000001,0.65,0.0,1.5043508438864788,10.7338895732709,1.4105931164544152,10.643126111629632,10.884324657659548
8.3,0.65,0.0,1.4945944302399932,10.884324657659548,1.4071285216090026,10.788890184159966,11.033784100683548
8.4,0.65,0.0,1.484766825258509,11.033784100683548,1.5078801586320054,10.734824189286288,11.182260783209399
8.5,0.65,0.0,1.4748711313288914,11.182260783209399,1.574466921620607,11.304003903405794,11.329747896342289
8.6,0.65,0.0,1.4649104378159825,11.329747896342289,1.4304032827568216,11.212397311291607,11.476238940123887
8.700000000000001,0.65,0.0,1.4548878193675525,11.476238940123887,1.2547518318347801,11.479362469805809,11.621727722060642
8.8,0.65,0.0,1.4448063342628616,11.621727722060642,1.3084869052540316,11.74191438678712,11.766208355486928
8.9,0.65,0.0,1.434669022805809,11.766208355486928,1.368026084982128,11.877841149494413,11.909675257767509
9.0,0.65,0.0,1.4244789057635614,11.909675257767509,1.3798605947639442,12.076021535010705,12.052123148343865
9.1,0.65,0.0,1.4142389828514619,12.052123148343865,1.3815678926710837,12.027501777216509,12.19354704662901
9.200000000000001,0.65,0.0,1.4039522312649348,12.19354704662901,1.407038721103408,12.087722468617972,12.333942269755504
9.3,0.65,0.0,1.3936216042590155,12.333942269755504,1.3686818977932198,12.314012717028904,12.473304430181406
9.4,0.65,0.0,1.3832500297760508,12.473304430181406,1.4671971986195234,12.051470821691899,12.611629433159012
9.5,0.65,0.0,1.372840409122032,12.611629433159012,1.3187590246675225,12.24985131505324,12.748913474071214
9.600000000000001,0.65,0.0,1.3623956156919363,12.748913474071214,1.293410178933893,12.418238570982613,12.885153035640409
9.700000000000001,0.65,0.0,1.3519184937443804,12.885153035640409,1.3902285368260174,12.635841328740039,13.020344885014847
9.8,0.65,0.0,1.3414118572258031,13.020344885014847,1.2185604916317136,13.120288441695706,13.154486070737427
9.9,0.65,0.0,1.3308784886443252,13.154486070737427,1.3620538250699255,12.928116306897412,13.28757391960186
10.0,0.65,0.0,1.3203211379933495,13.28757391960186,1.3285253926914509,13.193033281092012,13.419606033401195
10.100000000000001,0.65,0.0,1.3097425217249068,13.419606033401195,1.2979471225314534,13.744413107847711,13.550580285573686
10.200000000000001,0.65,0.0,1.2991453217726654,13.550580285573686,1.4262074103446063,13.46151429280833,13.680494817750953
10.3,0.65,0.0,1.2885321846244682,13.680494817750953,1.2387555890008908,13.864873709867725,13.8093480362134
10.4,0.65,0.0,1.2779057204441875,13.8093480362134,1.4427295740861137,13.575943616210932,13.937138608257818
10.5,0.65,0.0,1.267268502242628,13.937138608257818,1.24923398630438,13.88577921879091,14.06386545848208
10.600000000000001,0.65,0.0,1.256623065097144,14.06386545848208,1.1544617494995257,13.826359944754435,14.189527764991794
10.700000000000001,0.65,0.0,1.245971905419581,14.189527764991794,1.2515654718991671,14.104769496016655,14.314124955533753
10.8,0.65,0.0,1.2353174802720974,14.314124955533753,1.149217864246596,14.524201989898103,14.437656703560963
10.9,0.65,0.0,1.2246622067303636,14.437656703560963,1.1645217389052835,14.005826597762876,14.560122924234
11.0,0.65,0.0,1.2140084612935866,14.560122924234,1.245771125294826,14.668728835120463,14.681523770363357
11.100000000000001,0.65,0.0,1.203358579340767,14.681523770363357,1.247805146432777,14.740957670946427,14.801859628297434
11.200000000000001,0.65,0.0,1.1927148546325357,14.801859628297434,1.142941438612195,14.653322139373236,14.921131113760687
11.3,0.65,0.0,1.1820795388578884,14.921131113760687,1.2610719504616004,14.559616650163573,15.039339067646475
11.4,0.65,0.0,1.1714548412250876,15.039339067646475,1.2640554618667783,15.057371444574942,15.156484551768983
11.5,0.65,0.0,1.1608429280959647,15.156484551768983,1.275747068621028,15.024111374503033,15.27256884457858
11.600000000000001,0.65,0.0,1.1502459226628234,15.27256884457858,1.1925989952328813,15.330737897417254,15.387593436844861
11.700000000000001,0.65,0.0,1.139665904667107,15.387593436844861,1.2487402016339628,15.393056473225721,15.501560027311573
11.8,0.65,0.0,1.129104910158968,15.501560027311573,0.9786410359210435,15.902004750141803,15.61447051832747
11.9,0.65,0.0,1.1185649312968469,15.61447051832747,1.0931324074065698,15.554631611459214,15.726327011457155
12.0,0.65,0.0,1.1080479161861394,15.726327011457155,1.0386874956802652,15.470452638301689,15.837131803075769
12.100000000000001,0.65,0.0,1.0975557687560182,15.837131803075769,1.1070938376462096,15.881950711814849,15.94688737995137
12.200000000000001,0.65,0.0,1.0870903486734433,15.94688737995137,1.0413744111377043,16.001886550944313,16.055596414818716
12.3,0.65,0.0,1.076653471293381,16.055596414818716,1.0633608439374025,16.395393308628826,16.163261761948053
12.4,0.65,0.0,1.0662469076442438,16.163261761948053,1.2168208980605677,16.372039573426697,16.269886452712477
12.5,0.65,0.0,1.055872384447529,16.269886452712477,1.0422948007338988,16.359104217499855,16.37547369115723
12.600000000000001,0.65,0.0,1.0455315841706523,16.37547369115723,1.0786349695458695,16.741299413962118,16.480026849574294
12.700000000000001,0.65,0.0,1.0352261451119311,16.480026849574294,1.0166445987179924,16.182836085993582,16.583549464085486
12.8,0.65,0.0,1.02495766151669,16.583549464085486,1.0310147245532366,16.42361158089805,16.686045230237156
12.9,0.65,0.0,1.0147276837234398,16.686045230237156,1.0152090181583255,16.454401244885773,16.7875179986095
13.0,0.65,0.0,1.0045377183390864,16.7875179986095,1.0404036436169393,16.690065547820556,16.887971770443407
13.100000000000001,0.65,0.0,0.9943892284421199,16.887971770443407,1.087613831285894,16.54380023355433,16.987410693287618
13.200000000000001,0.65,0.0,0.9842836338127325,16.987410693287618,1.116075153620999,17.14619842999122,17.085839056668892
13.3,0.65,0.0,0.9742223111888237,17.085839056668892,0.998991917741557,17.0302833823942,17.183261287787776
13.4,0.65,0.0,0.9642065945468421,17.183261287787776,1.0113703454296903,16.815559714162113,17.27968194724246
13.5,0.65,0.0,0.9542377754064293,17.27968194724246,0.8621686146715839,17.02578717694057,17.3751057247831
13.600000000000001,0.65,0.0,0.9443171031578286,17.3751057247831,0.9372869637645789,17.45348418664565,17.469537435098882
13.700000000000001,0.65,0.0,0.9344457854110364,17.469537435098882,1.0096689426017236,17.679069077072477,17.562982013639985
13.8,0.65,0.0,0.9246249883656752,17.562982013639985,0.9939024794390474,18.06216473656293,17.655444512476553
13.9,0.65,0.0,0.9148558372005847,17.655444512476553,0.9317846158241887,18.383910128978386,17.74693009619661
14.0,0.65,0.0,0.9051394164821329,17.74693009619661,0.9760509332475691,17.85053245451561,17.837444037844826
14.100000000000001,0.65,0.0,0.8954767705902623,17.837444037844826,0.9347381073097678,17.59005950783686,17.926991714903853
14.200000000000001,0.65,0.0,0.8858689041613059,17.926991714903853,0.9818934048220517,17.393980144721027,18.015578605319984
14.3,0.65,0.0,0.8763167825466107,18.015578605319984,0.8994655151031796,18.082506470905944,18.103210283574644
14.4,0.65,0.0,0.8668213322860319,18.103210283574644,0.8383654670403491,17.899975009747063,18.189892416803247
14.5,0.65,0.0,0.8573834415953714,18.189892416803247,0.8842507421500133,18.086053101758324,18.275630760962784
14.600000000000001,0.65,0.0,0.8480039608668526,18.275630760962784,0.6135564107986305,18.12260656119783,18.36043115704947
14.700000000000001,0.65,0.0,0.8386837031817416,18.36043115704947,0.8693145620925455,18.325233435445373,18.444299527367644
14.8,0.65,0.0,0.8294234448342372,18.444299527367644,0.5375504188170546,18.710794585064555,18.527241871851068
14.9,0.65,0.0,0.8202239258657857,18.527241871851068,0.6823468532733523,18.566504013712404,18.609264264437645
15.0,0.65,0.0,0.8110858506089722,18.609264264437645,0.8472273386842509,18.569605555177972,18.69037284949854
15.100000000000001,0.65,0.0,0.8020098882401834,18.69037284949854,0.840212235221527,18.43145941129209,18.77057383832256
15.200000000000001,0.65,0.0,0.7929966733402423,18.77057383832256,0.7000023709290478,18.35190310214647,18.849873505656582
15.3,0.65,0.0,0.7840468064622383,18.849873505656582,0.7270786431119233,18.72829652838825,18.928278186302805
15.4,0.65,0.0,0.7751608547058002,18.928278186302805,0.8848041337949307,18.914832548598223,19.005794271773386
15.5,0.65,0.0,0.7663393522970778,19.005794271773386,0.7276169417712638,19.447776750168355,19.082428207003094
15.600000000000001,0.65,0.0,0.7575828011737182,19.082428207003094,0.937016426165957,19.114996837371315,19.158186487120467
15.700000000000001,0.65,0.0,0.7488916715741443,19.158186487120467,0.7487380833200366,19.40387136487623,19.233075654277883
15.8,0.65,0.0,0.7402664026304702,19.233075654277883,0.7729092967809715,19.108251754643096,19.30710229454093
15.9,0.65,0.0,0.7317074029643973,19.30710229454093,0.8610573548442859,19.010866352936674,19.38027303483737
16.0,0.65,0.0,0.7232150512854667,19.38027303483737,0.7336972205809402,19.138993844279277,19.452594539965915
16.1,0.65,0.0,0.714789696991065,19.452594539965915,0.6346021785358009,19.27128802383198,19.524073509665023
16.2,0.65,0.0,0.7064316607675896,19.524073509665023,0.6976534646320464,20.056190942773814,19.594716675741783
16.3,0.65,0.0,0.6981412351922207,19.594716675741783,0.6952923762970135,19.389370005935685,19.664530799261005
16.400000000000002,0.65,0.0,0.6899186853347461,19.664530799261005,0.5807393531586209,19.87415310019509,19.733522667794478
16.5,0.65,0.0,0.6817642493589247,19.733522667794478,0.6612976836516588,19.50779087327272,19.80169909273037
16.6,0.65,0.0,0.6736781391228837,19.80169909273037,0.6143027716030888,20.03459234594893,19.869066906642658
16.7,0.65,0.0,0.6656605407780727,19.869066906642658,0.7396091613530674,19.965304648169123,19.935632960720465
16.8,0.65,0.0,0.6577116153663074,19.935632960720465,0.6604805653011279,19.896473486305943,20.001404122257096
16.900000000000002,0.65,0.0,0.6498314994144705,20.001404122257096,0.6272078394826649,19.991213490723236,20.066387272198543
17.0,0.65,0.0,0.6420203055264448,20.066387272198543,0.6335257510766388,19.902690348341196,20.130589302751186
17.1,0.65,0.0,0.6342781229718786,20.130589302751186,0.6521278844443719,20.242107353121707,20.194017115048375
17.2,0.65,0.0,0.6266050182713998,20.194017115048375,0.6759501542465822,20.08027124496318,20.256677616875514
17.3,0.65,0.0,0.6190010357779236,20.256677616875514,0.5390240574843731,19.950276175933702,20.318577720453305
17.400000000000002,0.65,0.0,0.6114661982536957,20.318577720453305,0.528139187643994,19.9990933268734,20.379724340278674
17.5,0.65,0.0,0.604000507442759,20.379724340278674,0.6923748446749615,20.422871319709206,20.440124391022948
17.6,0.65,0.0,0.5966039446385263,20.440124391022948,0.5636169948621479,20.834897205125557,20.4997847854868
17.7,0.65,0.0,0.589276471246172,20.4997847854868,0.4759291038384221,20.53978268888016,20.558712432611415
17.8,0.65,0.0,0.5820180293395665,20.558712432611415,0.6175230460902148,20.529052851083943,20.616914235545373
17.900000000000002,0.65,0.0,0.5748285422124997,20.616914235545373,0.6118981266951147,20.68837077044601,20.67439708976662
18.0,0.2,0.0,-0.7822920850760514,20.67439708976662,-0.904749305656588,21.000897525193327,20.596167881259017
18.1,0.2,0.0,-0.7726063941790166,20.596167881259017,-0.7542478569419281,20.65101350659998,20.518907241841116
18.2,0.2,0.0,-0.7630766631978393,20.518907241841116,-0.7042300158035694,20.416175434132683,20.44259957552133
18.3,0.2,0.0,-0.7536996322153148,20.44259957552133,-0.7237487160788137,20.719171753036303,20.3672296122998
18.400000000000002,0.2,0.0,-0.7444721262404254,20.3672296122998,-0.6939136075395137,20.474418721915203,20.292782399675755
18.5,0.2,0.0,-0.7353910525617703,20.292782399675755,-0.8477325804090302,20.676721397674754,20.219243294419577
18.6,0.2,0.0,-0.726453398196793,20.219243294419577,-0.6999701857970974,20.265051903725055,20.146597954599898
18.7,0.2,0.0,-0.7176562274328663,20.146597954599898,-0.741865808190502,19.840480696669772,20.074832331856612
18.8,0.2,0.0,-0.7089966794564667,20.074832331856612,-0.7476198921544384,19.732792532045195,20.003932663910966
18.900000000000002,0.2,0.0,-0.700471966066852,20.003932663910966,-0.6308275173132739,20.41666464696878,19.933885467304282
19.0,0.2,0.0,-0.6920793694708146,19.933885467304282,-0.5737374086168762,20.364801897500108,19.864677530357202
19.1,0.2,0.0,-0.6838162401552349,19.864677530357202,-0.5402666357872061,19.81979772703655,19.79629590634168
19.200000000000003,0.2,0.0,-0.675679994834321,19.79629590634168,-0.5704953651138486,19.70049907605768,19.728727906858246
19.3,0.2,0.0,-0.667668114468542,19.728727906858246,-0.6764468489989567,20.094088979918798,19.661961095411392
19.400000000000002,0.2,0.0,-0.6597781423524133,19.661961095411392,-0.6315605293103058,19.38519967490052,19.59598328117615
19.5,0.2,0.0,-0.6520076822684054,19.59598328117615,-0.5906618525256659,19.372301526437194,19.53078251294931
19.6,0.2,0.0,-0.6443543967043793,19.53078251294931,-0.6346601607604224,19.69161421162157,19.46634707327887
19.700000000000003,0.2,0.0,-0.6368160051320585,19.46634707327887,-0.6263548700991349,19.367695792563975,19.402665472765666
19.8,0.2,0.0,-0.6293902823441585,19.402665472765666,-0.563490031794064,19.401385006085647,19.339726444531248
19.900000000000002,0.2,0.0,-0.6220750568479038,19.339726444531248,-0.6268176685299783,19.29886571990012,19.27751893884646
20.0,0.2,0.0,-0.6148682093127517,19.27751893884646,-0.6732111642226446,19.361912576046194,19.216032117915184
20.1,0.2,0.0,-0.6077676710702437,19.216032117915184,-0.6409255163371124,19.56790258324361,19.155255350808158
20.200000000000003,0.2,0.0,-0.6007714226639936,19.155255350808158,-0.5500585924452942,19.177901577533593,19.095178208541757
20.3,0.2,0.0,-0.5938774924479039,19.095178208541757,-0.5936380291519074,19.256162906860972,19.035790459296965
20.400000000000002,0.2,0.0,-0.5870839552307842,19.035790459296965,-0.5598671570813172,18.52324743403921,18.97708206377389
20.5,0.2,0.0,-0.5803889309656257,18.97708206377389,-0.5267825915894505,18.96490246329136,18.919043170677327
20.6,0.2,0.0,-0.5737905834818572,18.919043170677327,-0.603777900513666,18.708235603104107,18.86166411232914
20.700000000000003,0.2,0.0,-0.5672871192589751,18.86166411232914,-0.5067872661685906,18.556960847223234,18.80493540040324
20.8,0.2,0.0,-0.5608767862400169,18.80493540040324,-0.5305693779633454,18.585397308671055,18.74884772177924
20.900000000000002,0.2,0.0,-0.5545578726833996,18.74884772177924,-0.6533429196363179,18.665316861604037,18.6933919345109
21.0,0.2,0.0,-0.5483287060517114,18.6933919345109,-0.43294432275681183,18.9223675700999,18.638559063905728
21.1,0.2,0.0,-0.542187651936107,18.638559063905728,-0.5822472314366602,18.306960884470836,18.584340298712117
21.200000000000003,0.2,0.0,-0.5361331130150054,18.584340298712117,-0.6685407404698201,18.591998171860723,18.530726987410617
21.3,0.2,0.0,-0.5301635280458444,18.530726987410617,-0.6137670248127486,18.409684629077223,18.477710634606034
21.400000000000002,0.2,0.0,-0.5242773708886986,18.477710634606034,-0.6059609837429644,18.395792361015545,18.425282897517164
21.5,0.2,0.0,-0.5184731495606153,18.425282897517164,-0.5142992840680126,18.675972353843314,18.373435582561104
21.6,0.2,0.0,-0.5127494053195675,18.373435582561104,-0.5346574457632665,18.507964441812085,18.322160642029147
21.700000000000003,0.2,0.0,-0.5071047117769657,18.322160642029147,-0.5340512691882131,18.65651016888983,18.27145017085145
21.8,0.2,0.0,-0.5015376740377223,18.27145017085145,-0.451961516799124,18.232823751038975,18.221296403447678
21.900000000000002,0.2,0.0,-0.49604692786688576,18.221296403447678,-0.4688568989714694,18.047310750530002,18.17169171066099
22.0,0.2,0.0,-0.490631138881916,18.17169171066099,-0.4653473092303731,18.115727006440867,18.1226285967728
22.1,0.2,0.0,-0.48528900176970147,18.1226285967728,-0.45250272518340606,18.183252794590604,18.07409969659583
22.200000000000003,0.2,0.0,-0.4800192395274564,18.07409969659583,-0.43072846608727733,18.118243036209257,18.026097772643084
22.3,0.2,0.0,-0.4748206027266638,18.026097772643084,-0.6434568700688592,17.755000754584742,17.978615712370416
22.400000000000002,0.2,0.0,-0.46969186879927716,17.978615712370416,-0.49884692898043403,18.001238157777387,17.93164652549049
22.5,0.2,0.0,-0.46463184134540536,17.93164652549049,-0.6390486465045633,17.988703608025215,17.885183341355948
22.6,0.2,0.0,-0.4596393494617489,17.885183341355948,-0.45675455531792525,18.514551850739426,17.83921940640977
22.700000000000003,0.2,0.0,-0.4547132470900809,17.83921940640977,-0.4550838848680285,18.30843055923019,17.793748081700762
22.8,0.2,0.0,-0.44985241238508866,17.793748081700762,-0.36620983040191424,17.58043724406106,17.748762840462252
22.900000000000002,0.2,0.0,-0.4450557471009209,17.748762840462252,-0.3500449956832312,17.67691700007496,17.704257265752158
23.0,0.2,0.0,-0.44032217599581425,17.704257265752158,-0.42410017213562484,17.338396765292906,17.660225048152576
23.1,0.2,0.0,-0.4356506462541869,17.660225048152576,-0.4756795324459389,17.512548294661705,17.616659983527157
23.200000000000003,0.2,0.0,-0.431040126925621,17.616659983527157,-0.39222723792196196,17.69556123442474,17.573555970834594
23.3,0.2,0.0,-0.4264896083801686,17.573555970834594,-0.46872301936611366,17.875019376056652,17.53090700999658
23.400000000000002,0.2,0.0,-0.4219981017794415,17.53090700999658,-0.4221095138949094,17.34863605056068,17.488707199818634
23.5,0.2,0.0,-0.41756463856296444,17.488707199818634,-0.338673733206103,17.325170589801687,17.44695073596234
23.6,0.2,0.0,-0.41318826994929037,17.44695073596234,-0.4578099776284443,16.910128478527675,17.40563190896741
23.700000000000003,0.2,0.0,-0.4088680664513935,17.40563190896741,-0.34441377531199346,17.364965428831184,17.36474510232227
23.8,0.2,0.0,-0.40460311740587573,17.36474510232227,-0.3504110079104915,17.09914149935738,17.324284790581682
23.900000000000002,0.2,0.0,-0.40039253051553936,17.324284790581682,-0.47677587588600506,17.191924933740165,17.28424553753013
24.0,0.2,0.0,-0.3962354314048905,17.28424553753013,-0.3183239011474984,17.065030342988234,17.24462199438964
24.1,0.2,0.0,-0.39213096318816054,17.24462199438964,-0.3362456555584401,17.2210563558265,17.205408898070825
24.200000000000003,0.2,0.0,-0.38807828604944417,17.205408898070825,-0.3799242150596316,16.765976800231666,17.16660106946588
24.3,0.2,0.0,-0.3840765768345613,17.16660106946588,-0.4450624534767735,16.799839758118132,17.128193411782423
24.400000000000002,0.2,0.0,-0.3801250286542802,17.128193411782423,-0.4488615101403258,17.660505189789497,17.090180908916995
24.5,0.2,0.0,-0.37622285049853277,17.090180908916995,-0.41923585665077456,16.768325263598488,17.052558623867142
24.6,0.2,0.0,-0.3723692668612768,17.052558623867142,-0.32896170979792,16.77836222925348,17.015321697181015
24.700000000000003,0.2,0.0,-0.36856351737567694,17.015321697181015,-0.44501353076778877,17.474550079261345,16.978465345443446
24.8,0.2,0.0,-0.36480485645927196,16.978465345443446,-0.32980387656968235,17.70473213775355,16.94198485979752
24.900000000000002,0.2,0.0,-0.3610925529688249,16.94198485979752,-0.4604329952790963,16.64909320259118,16.905875604500636
25.0,0.2,0.0,-0.35742588986454926,16.905875604500636,-0.3737513766196572,16.813813365303627,16.87013301551418
25.1,0.2,0.0,-0.3538041638834247,16.87013301551418,-0.34503234351750406,16.95552190324931,16.83475259912584
25.200000000000003,0.2,0.0,-0.3502266852213225,16.83475259912584,-0.15461627361660915,17.266927010227235,16.799729930603707
25.3,0.2,0.0,-0.3466927772236661,16.799729930603707,-0.4568780296652955,16.553015660996646,16.765060652881342
25.400000000000002,0.2,0.0,-0.3432017760843704,16.765060652881342,-0.22544061076515975,16.703741191395814,16.730740475272906
25.5,0.2,0.0,-0.33975303055280515,16.730740475272906,-0.32776563743382275,16.92507486928834,16.696765172217624
25.6,0.2,0.0,-0.3363459016485383,16.696765172217624,-0.30345214820726124,16.80545669083428,16.66313058205277
25.700000000000003,0.2,0.0,-0.3329797623836266,16.66313058205277,-0.3235119293125702,16.569091564245245,16.629832605814407
25.8,0.2,0.0,-0.3296539974922239,16.629832605814407,-0.29407585203660525,16.596376864685396,16.596867206065184
25.900000000000002,0.2,0.0,-0.32636800316728565,16.596867206065184,-0.33866281151624705,16.253143253972688,16.564230405748454
26.0,0.2,0.0,-0.3231211868041648,16.564230405748454,-0.20679717228756814,16.504686969754786,16.531918287068038
26.1,0.2,0.0,-0.31991296675088376,16.531918287068038,-0.35643065828886156,16.4653214145658,16.49992699039295
26.200000000000003,0.2,0.0,-0.3167427720648931,16.49992699039295,-0.22616400629055328,16.557969462799512,16.468252713186462
26.3,0.2,0.0,-0.31361004227611977,16.468252713186462,-0.3651594118931616,16.32942090848171,16.43689170895885
26.400000000000002,0.2,0.0,-0.3105142271561204,16.43689170895885,-0.31533437486822335,16.554776339595136,16.405840286243237
26.5,0.2,0.0,-0.3074547864931647,16.405840286243237,-0.39321179067638223,16.659019240698193,16.37509480759392
26.6,0.2,0.0,-0.30443118987306816,16.37509480759392,-0.26802929224526656,16.41395213951104,16.344651688606614
26.700000000000003,0.2,0.0,-0.30144291646561305,16.344651688606614,-0.18583283991149036,16.432590790706413,16.314507396960053
26.8,0.2,0.0,-0.2984894548163928,16.314507396960053,-0.3046779492020611,16.32779623385452,16.284658451478414
26.900000000000002,0.2,0.0,-0.2955703026439219,16.284658451478414,-0.3113211585402347,16.284679549751267,16.25510142121402
27.0,0.2,0.0,-0.2926849666418623,16.25510142121402,-0.38185432368729644,16.07471191282831,16.225832924549835
27.1,0.2,0.0,-0.28983296228621613,16.225832924549835,-0.30817637457040076,16.304956489968163,16.196849628321214
27.200000000000003,0.2,0.0,-0.2870138136473471,16.196849628321214,-0.41443735442506935,16.17252797871784,16.16814824695648
27.3,0.2,0.0,-0.2842270532066856,16.16814824695648,-0.3572572921441918,16.69144032418913,16.139725541635812
27.400000000000002,0.2,0.0,-0.2814722216779941,16.139725541635812,-0.2633293379892633,16.533064267254623,16.111578319468013
27.5,0.2,0.0,-0.2787488678330551,16.111578319468013,-0.17322781201374338,16.208039957607138,16.083703432684707
27.6,0.2,0.0,-0.2760565483316615,16.083703432684707,-0.051319679433301235,15.892939130261016,16.05609777785154
27.700000000000003,0.2,0.0,-0.2733948275557875,16.05609777785154,-0.32032163436145955,15.777994909855686,16.02875829509596
27.8,0.2,0.0,-0.2707632774478227,16.02875829509596,-0.15593926491618748,16.32654403336818,16.00168196735118
27.900000000000002,0.2,0.0,-0.26816147735275564,16.00168196735118,-0.2486612789206238,16.06736927363796,15.974865819615903
28.0,0.2,0.0,-0.2655890138641973,15.974865819615903,-0.2776888256039074,16.094901670463805,15.948306918229484
28.1,0.2,0.0,-0.26304548067413913,15.948306918229484,-0.22843792453604694,15.512160421485936,15.92200237016207
28.200000000000003,0.2,0.0,-0.2605304784263397,15.92200237016207,-0.25557715973194295,16.153861990551615,15.895949322319437
28.3,0.2,0.0,-0.2580436145732432,15.895949322319437,-0.24921195652426573,16.00955440687303,15.870144960862113
28.400000000000002,0.2,0.0,-0.2555845032363313,15.870144960862113,-0.28825115626246484,15.592537289758493,15.84458651053848
28.5,0.2,0.0,-0.2531527650698139,15.84458651053848,-0.3650015378537219,15.726705308675994,15.819271234031499
28.6,0.2,0.0,-0.2507480271275693,15.819271234031499,-0.3742380433293358,15.885200535120628,15.794196431318742
28.700000000000003,0.2,0.0,-0.24836992273324499,15.794196431318742,-0.19611033207074682,15.807313130907803,15.769359439045417
28.8,0.2,0.0,-0.24601809135343222,15.769359439045417,-0.26815409856028927,15.696316642594528,15.744757629910074
28.900000000000002,0.2,0.0,-0.2436921784738344,15.744757629910074,-0.2913792904463277,15.718885562893584,15.720388412062691
29.0,0.2,0.0,-0.24139183547834475,15.720388412062691,-0.24071138534049247,15.65739406751097,15.696249228514857
29.1,0.2,0.0,-0.2391167195309596,15.696249228514857,-0.17552213929770938,15.734389856540474,15.67233755656176
29.200000000000003,0.2,0.0,-0.23686649346044875,15.67233755656176,-0.22243737801833688,16.040210549810052,15.648650907215716
29.3,0.2,0.0,-0.23464082564770972,15.648650907215716,-0.2871252205789871,15.006986296982891,15.625186824650944
29.400000000000002,0.2,0.0,-0.2324393899157362,15.625186824650944,-0.1343359534638202,15.565974258523523,15.601942885659371
29.5,0.2,0.0,-0.230261865422131,15.601942885659371,-0.10392702518360045,15.646070991002484,15.578916699117158
29.6,0.2,0.0,-0.22810793655409434,15.578916699117158,-0.18854340412826606,15.652915196538933,15.556105905461749
29.700000000000003,0.2,0.0,-0.22597729282582557,15.556105905461749,-0.14808421191829835,15.463127260131426,15.533508176179167
29.8,0.2,0.0,-0.223869628778275,15.533508176179167,-0.1245128290331701,15.09432773055952,15.511121213301339
29.900000000000002,0.2,0.0,-0.22178464388118024,15.511121213301339,-0.13137669856881914,15.593120084229867,15.488942748913221
30.0,0.2,0.0,-0.2197220424373343,15.488942748913221,-0.17059410826832438,15.920780302454267,15.466970544669488
30.1,0.2,0.0,-0.21768153348902064,15.466970544669488,-0.16981376972303003,15.083505193440454,15.445202391320587
30.200000000000003,0.2,0.0,-0.21566283072656545,15.445202391320587,-0.17408998485884525,15.661159394745134,15.42363610824793
30.3,0.2,0.0,-0.21366565239894797,15.42363610824793,-0.30145266636271145,15.341504802467206,15.402269543008035
30.400000000000002,0.2,0.0,-0.21168972122641883,15.402269543008035,-0.15563186867765197,15.386938456550823,15.381100570885394
30.5,0.2,0.0,-0.20973476431507287,15.381100570885394,-0.3181998820051972,15.117875943209407,15.360127094453887
30.6,0.2,0.0,-0.20780051307332914,15.360127094453887,-0.27136846948333354,15.276513051364917,15.339347043146553
30.700000000000003,0.2,0.0,-0.20588670313026658,15.339347043146553,-0.10160149770561958,15.664358191821293,15.318758372833527
30.8,0.2,0.0,-0.20399307425577173,15.318758372833527,-0.13677546124023593,15.464422183330454,15.298359065407949
30.900000000000002,0.2,0.0,-0.20211937028244864,15.298359065407949,-0.08312750710757963,15.731436966760436,15.278147128379704
31.0,0.2,0.0,-0.20026533902925092,15.278147128379704,-0.2219992897242343,15.572500100624127,15.258120594476779
31.1,0.2,0.0,-0.1984307322267892,15.258120594476779,-0.2906106395289306,15.367892264209173,15.2382775212541
31.200000000000003,0.2,0.0,-0.19661530544427386,15.2382775212541,-0.2158502812099013,15.674261152796047,15.218615990709672
31.3,0.2,0.0,-0.19481881801805223,15.218615990709672,-0.1866563142388063,15.328364280394247,15.199134108907867
31.400000000000002,0.2,0.0,-0.1930410329816995,15.199134108907867,-0.1867219356744987,15.40613115310713,15.179830005609697
31.5,0.2,0.0,-0.1912817169976253,15.179830005609697,-0.10058727869708918,15.105687267226019,15.160701833909934
31.6,0.2,0.0,-0.18954064029016005,15.160701833909934,-0.2184422742904357,15.177338287874736,15.141747769880919
31.700000000000003,0.2,0.0,-0.18781757658008125,15.141747769880919,-0.1596548188358473,14.96739181405585,15.12296601222291
31.8,0.2,0.0,-0.18611230302054793,15.12296601222291,-0.2652024749753164,15.370361995871624,15.104354781920856
31.900000000000002,0.2,0.0,-0.1844246001344062,15.104354781920856,-0.14839921789090116,14.80977887614214,15.085912321907415
32.0,0.0,0.0,-0.7827542517528339,15.085912321907415,-0.782505567737983,15.28149990751183,15.007636896732132
32.1,0.0,0.0,-0.775687495672467,15.007636896732132,-0.8356725627352284,14.959974132355843,14.930068147164885
32.2,0.0,0.0,-0.7687208046369625,14.930068147164885,-0.7875871536109507,15.222879920531716,14.853196066701189
32.300000000000004,0.0,0.0,-0.761852300187603,14.853196066701189,-0.7765863599088207,15.040913313884005,14.777010836682429
32.4,0.0,0.0,-0.7550801478022898,14.777010836682429,-0.7766925581492575,15.232172376094129,14.7015028219022
32.5,0.0,0.0,-0.7484025556671949,14.7015028219022,-0.6066952562857802,14.88419649468686,14.62666256633548
32.6,0.0,0.0,-0.7418177734883188,14.62666256633548,-0.7496934536729492,14.233652502422169,14.552480788986648
32.7,0.0,0.0,-0.7353240913414764,14.552480788986648,-0.7548357801556633,14.535742495762097,14.4789483798525
32.800000000000004,0.0,0.0,-0.7289198385593001,14.4789483798525,-0.8967159151681114,14.185946581703796,14.40605639599657
32.9,0.0,0.0,-0.722603382653901,14.40605639599657,-0.7941399708122592,14.276486435405001,14.33379605773118
33.0,0.0,0.0,-0.7163731282738898,14.33379605773118,-0.737419002230398,14.71160316605036,14.26215874490379
33.1,0.0,0.0,-0.710227516194507,14.26215874490379,-0.7650957302886384,14.421542197628213,14.19113599328434
33.2,0.0,0.0,-0.7041650223396708,14.19113599328434,-0.5936284148694471,14.016403386139652,14.120719491050373
33.300000000000004,0.0,0.0,-0.6981841568347897,14.120719491050373,-0.7113791788664873,13.867290149440274,14.050901075366895
33.4,0.0,0.0,-0.6922834630892396,14.050901075366895,-0.5892079231437795,14.05909659858596,13.981672729057971
33.5,0.0,0.0,-0.68646151690745,13.981672729057971,-0.6815251461834206,13.677532691712688,13.913026577367226
33.6,0.0,0.0,-0.6807169256275803,13.913026577367226,-0.6777386987138542,13.745241508018081,13.844954884804467
33.7,0.0,0.0,-0.6750483272868133,13.844954884804467,-0.6821520431038134,13.922957252692278,13.777450052075785
33.800000000000004,0.0,0.0,-0.6694543898123292,13.777450052075785,-0.6691506896826125,14.066278061102459,13.710504613094553
33.9,0.0,0.0,-0.6639338102370611,13.710504613094553,-0.5264302099930723,13.862694981150662,13.644111232070847
34.0,0.0,0.0,-0.6584853139393655,13.644111232070847,-0.844054172079463,13.071288854921322,13.57826270067691
34.1,0.0,0.0,-0.6531076539057815,13.57826270067691,-0.8132313134608758,13.654354382934475,13.512951935286333
34.2,0.0,0.0,-0.6477996100160759,13.512951935286333,-0.691253276500565,13.530960328594478,13.448171974284726
34.300000000000004,0.0,0.0,-0.6425599883498114,13.448171974284726,-0.6413977577948059,13.5516445456279,13.383915975449744
34.4,0.0,0.0,-0.6373876205136966,13.383915975449744,-0.5821792665325756,13.787968395862546,13.320177213398374
34.5,0.0,0.0,-0.6322813629890118,13.320177213398374,-0.5944343871468138,12.804367644197189,13.256949077099472
34.6,0.0,0.0,-0.6272400964984257,13.256949077099472,-0.6579797695288714,13.109173220801695,13.19422506744963
34.7,0.0,0.0,-0.6222627253915485,13.19422506744963,-0.5407392299322075,13.341951648147967,13.131998794910475
34.800000000000004,0.0,0.0,-0.6173481770485905,13.131998794910475,-0.534932544796372,12.73660019504699,13.070263977205615
34.9,0.0,0.0,-0.6124954013015163,13.070263977205615,-0.597770774799791,13.439251239218992,13.009014437075463
35.0,0.0,0.0,-0.6077033698721135,13.009014437075463,-0.5306907640731662,13.101103590250627,12.948244100088251
35.1,0.0,0.0,-0.6029710758264106,12.948244100088251,-0.5811594547518403,13.159890096549102,12.88794699250561
35.2,0.0,0.0,-0.5982975330449032,12.88794699250561,-0.6432161751875338,12.74521107712516,12.82811723920112
35.300000000000004,0.0,0.0,-0.5936817757080669,12.82811723920112,-0.5378564285880665,13.031558161692672,12.768749061630313
35.4,0.0,0.0,-0.589122857796655,12.768749061630313,-0.5802738079903608,13.035866950627572,12.709836775850647
35.5,0.0,0.0,-0.5846198526062968,12.709836775850647,-0.5845126648659378,12.76805628088494,12.651374790590017
35.6,0.0,0.0,-0.5801718522759298,12.651374790590017,-0.4623355665007639,12.70997501376469,12.593357605362424
35.7,0.0,0.0,-0.5757779673296188,12.593357605362424,-0.7718477376128258,12.660943415182857,12.535779808629462
35.800000000000004,0.0,0.0,-0.5714373262313263,12.535779808629462,-0.6848520598440918,12.319943492444617,12.47863607600633
35.9,0.0,0.0,-0.56714907495222,12.47863607600633,-0.6621147090621696,12.441753905946241,12.421921168511108
36.0,0.0,0.4,-2.7629123765501133,12.421921168511108,-2.791973228355618,12.383790535398019,12.145629930856098
36.1,0.0,0.4,-2.742548979251923,12.145629930856098,-2.7629176328332052,12.241478396944471,11.871375032930905
36.2,0.0,0.4,-2.722788635517486,11.871375032930905,-2.84337468733933,12.121331094658478,11.599096169379155
36.300000000000004,0.0,0.4,-2.703617095839519,11.599096169379155,-2.7824297384243852,11.334462148884553,11.328734459795204
36.4,0.0,0.4,-2.685020673381654,11.328734459795204,-2.75388800766354,11.29748220221531,11.060232392457038
36.5,0.0,0.4,-2.6669862217254683,11.060232392457038,-2.470392294359397,11.430596279371782,10.793533770284492
36.6,0.0,0.4,-2.6495011137508158,10.793533770284492,-2.505361757931044,10.607636713081352,10.52858365890941
36.7,0.0,0.4,-2.6325532215879632,10.52858365890941,-2.665493175002735,10.32302115458683,10.265328336750613
36.800000000000004,0.0,0.4,-2.6161308975838855,10.265328336750613,-2.6452175608084296,10.315904884708411,10.003715246992225
36.9,0.0,0.4,-2.6002229562287145,10.003715246992225,-2.692159276003778,10.214811544613555,9.743692951369354
37.0,0.0,0.4,-2.5848186569916947,9.743692951369354,-2.737469090049716,9.74654946525952,9.485211085670185
37.1,0.0,0.4,-2.569907688019162,9.485211085670185,-2.5792581029318438,9.817451233279433,9.228220316868269
37.2,0.0,0.4,-2.555480150649981,9.228220316868269,-2.635308309309503,9.442418812509901,8.972672301803271
37.300000000000004,0.0,0.4,-2.541526544706643,8.972672301803271,-2.548314587239604,9.183127318525788,8.718519647332608
37.4,0.0,0.4,-2.5280377545227743,8.718519647332608,-2.6560542224462527,8.857048772663632,8.465715871880331
37.5,0.0,0.4,-2.51500503567022,8.465715871880331,-2.5759629923350404,9.047629146966852,8.214215368313308
37.6,0.0,0.4,-2.502420002351104,8.214215368313308,-2.4905298347268774,8.162924946096798,7.9639733680781974
37.7,0.0,0.4,-2.4902746154223765,7.9639733680781974,-2.4609778475996613,7.463092795061569,7.714945906535959
37.800000000000004,0.0,0.4,-2.4785611710223283,7.714945906535959,-2.445163414322967,8.116009496915245,7.467089789433727
37.9,0.0,0.4,-2.4672722897703965,7.467089789433727,-2.5729114085029594,7.3526649316945205,7.220362560456687
38.0,0.0,0.4,-2.456400906513334,7.220362560456687,-2.388026048102489,7.247332671542445,6.974722469805354
38.1,0.0,0.4,-2.4459402605924234,6.974722469805354,-2.5099571963205713,7.302110141020485,6.7301284437461115
38.2,0.0,0.4,-2.4358838866079617,6.7301284437461115,-2.3852552534393774,6.3295635584813805,6.486540055085316
38.300000000000004,0.0,0.4,-2.426225605658679,6.486540055085316,-2.427076699788134,6.173628251558781,6.243917494519447
38.400000000000006,0.0,0.4,-2.416959517035098,6.243917494519447,-2.527070516961334,5.843598010239734,6.002221542815938
38.5,0.0,0.4,-2.4080799903471313,6.002221542815938,-2.4333758067136264,5.8036874703095815,5.761413543781225
38.6,0.0,0.4,-2.3995816580673974,5.761413543781225,-2.370352558702296,5.871322695285473,5.521455377974485
38.7,0.0,0.4,-2.3914594084728904,5.521455377974485,-2.3424221780349224,5.652502338677678,5.282309437127196
38.800000000000004,0.0,0.4,-2.3837083789686893,5.282309437127196,-2.3949874107642426,5.351377981959335,5.043938599230327
38.900000000000006,0.0,0.4,-2.376323949778417,5.043938599230327,-2.2537816385303326,4.690747128257236,4.806306204252485
39.0,0.0,0.4,-2.369301737987108,4.806306204252485,-2.2887008763081833,4.228780345094324,4.569376030453775
39.1,0.0,0.4,-2.3626375919230567,4.569376030453775,-2.383169921235037,4.58296442680137,4.333112271261469
39.2,0.0,0.4,-2.3563275858660706,4.333112271261469,-2.296317840895115,4.215168262851885,4.097479512674862
39.300000000000004,0.0,0.4,-2.3503680150703707,4.097479512674862,-2.195664536255316,4.212325955604015,3.8624427111678252
39.400000000000006,0.0,0.4,-2.3447553910911605,3.8624427111678252,-2.1879166230285185,4.037931117723143,3.627967172058709
39.5,0.0,0.4,-2.339486437404607,3.627967172058709,-2.437726427870407,3.6625275300733793,3.3940185283182482
39.6,0.0,0.4,-2.334558085311703,3.3940185283182482,-2.408680734204275,3.5840517996622117,3.160562719787078
39.7,0.0,0.4,-2.329967470117124,3.160562719787078,-2.2111739671784156,3.2178655633158453,2.9275659727753656
39.800000000000004,0.0,0.4,-2.3257119275748566,2.9275659727753656,-2.4103744116418677,3.060082149175732,2.69499478001788
39.900000000000006,0.0,0.4,-2.321788990592971,2.69499478001788,-2.427592281256305,2.5188264643004095,2.462815880958583
40.0,0.0,0.4,-2.3181963861905057,2.462815880958583,-2.3570919166464295,2.417913027500718,2.230996242339532
40.1,0.0,0.4,-2.3149320327,2.230996242339532,-2.281313895942033,2.2801902665037717,1.9995030390695323
40.2,0.0,0.4,-2.311994037209745,1.9995030390695323,-2.3201857737386327,2.204635157923887,1.7683036353485577
40.300000000000004,0.0,0.4,-2.309380693240361,1.7683036353485577,-2.3614257828728085,1.6698683422924148,1.5373655660245216
40.400000000000006,0.0,0.4,-2.3070904786507938,1.5373655660245216,-2.3610274755887546,1.6676573799575498,1.3066565181594423
40.5,0.0,0.4,-2.3051220537693458,1.3066565181594423,-2.3621090189223626,1.2401968201805975,1.0761443127825077
40.6,0.0,0.4,-2.3034742597458027,1.0761443127825077,-2.373835030038518,1.046758770950475,0.8457968868079274
40.7,0.0,0.4,-2.302146117121202,0.8457968868079274,-2.119615486939117,1.0531766473139457,0.6155822750958072
40.800000000000004,0.0,0.4,-2.301136824612237,0.6155822750958072,-2.2773359389173926,0.11731718233226823,0.38546859263458355
40.900000000000006,0.0,0.4,-2.300445758107723,0.38546859263458355,-2.229505033755344,0.061350510615893306,0.15542401682381124
41.0,0.0,0.4,-2.3000724698750172,0.15542401682381124,-2.3391986673245313,0.0,0.0
41.1,0.0,0.4,-2.2,0.0,-2.214876534174884,0.0,0.0
41.2,0.0,0.4,-2.2,0.0,-2.2570843185096288,0.0,0.0
41.300000000000004,0.0,0.4,-2.2,0.0,-2.412136666793536,0.1873584749319351,0.0
41.400000000000006,0.0,0.4,-2.2,0.0,-2.3102407421478297,0.0,0.0
41.5,0.0,0.4,-2.2,0.0,-2.344849494398432,0.04944752048546303,0.0
41.6,0.0,0.4,-2.2,0.0,-2.379982702236129,0.27230437417769815,0.0
41.7,0.0,0.4,-2.2,0.0,-2.2956287179438486,0.3319215330669229,0.0
41.800000000000004,0.0,0.4,-2.2,0.0,-2.09400354564947,0.0,0.0
41.900000000000006,0.0,0.4,-2.2,0.0,-2.2035548934163485,0.3383964723923493,0.0
42.0,0.0,0.4,-2.2,0.0,-2.0967548990143063,0.023031664608527302,0.0
42.1,0.0,0.4,-2.2,0.0,-2.16712139384793,0.0,0.0
42.2,0.0,0.4,-2.2,0.0,-2.1373952939427876,0.0,0.0
42.300000000000004,0.0,0.4,-2.2,0.0,-2.272071759624366,0.0,0.0
42.400000000000006,0.0,0.4,-2.2,0.0,-2.1580839236645866,0.0,0.0
42.5,0.0,0.4,-2.2,0.0,-2.1417028612740525,0.0,0.0
42.6,0.0,0.4,-2.2,0.0,-2.246131783378696,0.2008962548446504,0.0
42.7,0.0,0.4,-2.2,0.0,-2.1552367703507067,0.43019245779149595,0.0
42.800000000000004,0.0,0.4,-2.2,0.0,-2.1547049793140136,0.0,0.0
42.900000000000006,0.0,0.4,-2.2,0.0,-2.243964209690407,0.09820686706497973,0.0
43.0,0.0,0.4,-2.2,0.0,-2.2898214745816796,0.0,0.0
43.1,0.0,0.4,-2.2,0.0,-2.294730266551862,0.11867427211580049,0.0
43.2,0.0,0.4,-2.2,0.0,-2.1930795566462833,0.0,0.0
43.300000000000004,0.0,0.4,-2.2,0.0,-2.173839210496855,0.0,0.0
43.400000000000006,0.0,0.4,-2.2,0.0,-2.263402066436633,0.23207424789212108,0.0
43.5,0.0,0.4,-2.2,0.0,-2.1978731726939125,0.0,0.0
43.6,0.0,0.4,-2.2,0.0,-2.1543570371089213,0.0,0.0
43.7,0.0,0.4,-2.2,0.0,-2.150544742826776,0.0,0.0
43.800000000000004,0.0,0.4,-2.2,0.0,-2.075849590390201,0.0,0.0
43.900000000000006,0.0,0.4,-2.2,0.0,-2.0978415334241567,0.1069726101737293,0.0
44.0,0.0,0.0,0.0,0.0,-0.08010331462052353,0.0,0.0
44.1,0.0,0.0,0.0,0.0,0.1346868967630418,0.08216550057062026,0.0
44.2,0.0,0.0,0.0,0.0,-0.04247812036445718,0.09048046348221092,0.0
44.300000000000004,0.0,0.0,0.0,0.0,0.0835898249963542,0.33016541388204174,0.0
44.400000000000006,0.0,0.0,0.0,0.0,0.005438930084087108,0.0,0.0
44.5,0.0,0.0,0.0,0.0,-0.03297195027655741,0.0,0.0
44.6,0.0,0.0,0.0,0.0,-0.14461574878199462,0.26680560414299576,0.0
44.7,0.0,0.0,0.0,0.0,-0.013725160817307855,0.0,0.0
44.800000000000004,0.0,0.0,0.0,0.0,-0.12475065882444872,0.27864811114434423,0.0
44.900000000000006,0.0,0.0,0.0,0.0,0.07738393886742179,0.0958442782956176,0.0
45.0,0.0,0.0,0.0,0.0,0.12134341257113984,0.0,0.0
45.1,0.0,0.0,0.0,0.0,-0.06375287914373522,0.08719397351157378,0.0
45.2,0.0,0.0,0.0,0.0,0.02415765940154169,0.4877531400315749,0.0
45.300000000000004,0.0,0.0,0.0,0.0,-0.058031321760638035,0.5192451322634383,0.0
45.400000000000006,0.0,0.0,0.0,0.0,-0.05027877841094317,0.017345283783194675,0.0
45.5,0.0,0.0,0.0,0.0,0.06195957630922971,0.040047648329268826,0.0
45.6,0.0,0.0,0.0,0.0,-0.003083060947473001,0.2690600393665964,0.0
45.7,0.0,0.0,0.0,0.0,0.13917184335448093,0.0,0.0
45.800000000000004,0.0,0.0,0.0,0.0,-0.03857859829623368,0.08326759315456378,0.0
45.900000000000006,0.0,0.0,0.0,0.0,0.07994690659795914,0.0,0.0
46.0,0.0,0.0,0.0,0.0,0.0077930730366225585,0.0784770528643884,0.0
46.1,0.0,0.0,0.0,0.0,0.06366224077953865,0.0,0.0
46.2,0.0,0.0,0.0,0.0,-0.03577261258639574,0.0,0.0
46.300000000000004,0.0,0.0,0.0,0.0,-0.003964707004126617,0.0,0.0
46.400000000000006,0.0,0.0,0.0,0.0,-0.00923991034391478,0.0,0.0
46.5,0.0,0.0,0.0,0.0,-0.06688456918766297,0.0,0.0
46.6,0.0,0.0,0.0,0.0,0.052966522766540215,0.0,0.0
46.7,0.0,0.0,0.0,0.0,0.05201992044626914,0.4843077906073792,0.0
46.800000000000004,0.0,0.0,0.0,0.0,0.04748437559244534,0.27649834247682453,0.0
46.900000000000006,0.0,0.0,0.0,0.0,0.12295725231341158,0.0,0.0
47.0,0.0,0.0,0.0,0.0,0.11594758409890428,0.08692711311273923,0.0
47.1,0.0,0.0,0.0,0.0,-0.02999557518793083,0.0,0.0
47.2,0.0,0.0,0.0,0.0,0.02984418547473426,0.0,0.0
47.300000000000004,0.0,0.0,0.0,0.0,-0.049888055140657014,0.046331412353845504,0.0
47.400000000000006,0.0,0.0,0.0,0.0,0.0018684252891644365,0.15479277924384832,0.0
47.5,0.0,0.0,0.0,0.0,-0.04797995592950918,0.0,0.0
47.6,0.0,0.0,0.0,0.0,0.12960562473088408,0.2659628831835896,0.0
47.7,0.0,0.0,0.0,0.0,0.029095852027437027,0.0,0.0
47.800000000000004,0.0,0.0,0.0,0.0,-0.01744233024835377,0.0015847655905671105,0.0
47.900000000000006,0.0,0.0,0.0,0.0,0.09548948574851016,0.6494184316489581,0.0
48.0,0.5,0.0,1.4,0.0,1.226350767216367,0.05576993565631878,0.13999999999999999
48.1,0.5,0.0,1.3999412,0.13999999999999999,1.238812992410777,0.49830362665154315,0.27999412
48.2,0.5,0.0,1.3997648098782962,0.27999412,1.4634319022958782,0.30287416454330207,0.4199706009878297
48.300000000000004,0.5,0.0,1.3994708740829176,0.4199706009878297,1.404308349932307,0.5651648748202789,0.5599176883961214
48.400000000000006,0.5,0.0,1.3990594765466633,0.5599176883961214,1.419095180567524,0.5457218897979486,0.6998236360507878
48.5,0.5,0.0,1.3985307406352738,0.6998236360507878,1.29241905236979,0.6572217407597367,0.8396767101143152
48.6,0.5,0.0,1.3978848290674748,0.8396767101143152,1.3960261321994456,0.6448061109329604,0.9794651930210627
48.7,0.5,0.0,1.3971219438069806,0.9794651930210627,1.557402696639088,1.087040532760451,1.1191773874017608
48.800000000000004,0.5,0.0,1.3962423259265857,1.1191773874017608,1.4621782955102547,0.9062930901053188,1.2588016199944194
48.900000000000006,0.5,0.0,1.3952462554444982,1.2588016199944194,1.4088227790559231,1.4251979290727768,1.3983262455388692
49.0,0.5,0.0,1.3941340511331115,1.3983262455388692,1.3590097383247164,1.6696479966503466,1.5377396506521803
49.1,0.5,0.0,1.3929060703004363,1.5377396506521803,1.361340242150885,1.6293725024614878,1.677030257682224
49.2,0.5,0.0,1.3915627085444549,1.677030257682224,1.2212268774084534,1.605468074293301,1.8161865285366696
49.300000000000004,0.5,0.0,1.3901043994806856,1.8161865285366696,1.4107156331543784,1.9296779233638437,1.9551969684847381
49.400000000000006,0.5,0.0,1.3885316144432842,1.9551969684847381,1.4561702631218325,1.878028704598135,2.0940501299290664
49.5,0.5,0.0,1.386844862160032,2.0940501299290664,1.2607953159863827,2.3279369112953536,2.2327346161450694
49.6,0.5,0.0,1.3850446884016026,2.2327346161450694,1.3321313370170573,1.7748830950912886,2.3712390849852296
49.7,0.5,0.0,1.3831316756055152,2.3712390849852296,1.2905345050268415,2.287337242955568,2.509552252545781
49.800000000000004,0.5,0.0,1.381106442475227,2.509552252545781,1.303878346890526,2.0118492537647814,2.6476628967933036
49.900000000000006,0.5,0.0,1.3789696435548322,2.6476628967933036,1.3832481737005842,2.2738976892365024,2.7855598611487866
50.0,0.5,0.0,1.3767219687798702,2.7855598611487866,1.2099697963807923,3.126525418602264,2.9232320580267737
50.1,0.5,0.0,1.3743641430047735,2.9232320580267737,1.4235057780733387,3.1470283035196953,3.060668472327251
50.2,0.5,0.0,1.3718969255075057,3.060668472327251,1.4322053311022003,2.8807984140060534,3.1978581648780016
50.300000000000004,0.5,0.0,1.3693211094719693,3.1978581648780016,1.3492329024290162,2.8222323008677774,3.3347902758251986
50.400000000000006,0.5,0.0,1.366637521448785,3.3347902758251986,1.1681808406500216,2.5936580663647857,3.471454027970077
50.5,0.5,0.0,1.3638470207950708,3.471454027970077,1.2841335307148796,3.3355801509869183,3.607838730049584
50.6,0.5,0.0,1.3609504990938626,3.607838730049584,1.4595826538220782,4.212942483111434,3.7439337799589705
50.7,0.5,0.0,1.3579488795538464,3.7439337799589705,1.1357093370955607,3.8526548478248825,3.879728667914355
50.800000000000004,0.5,0.0,1.3548431163900905,3.879728667914355,1.3270412434146088,3.7398355964019827,4.015212979553364
50.900000000000006,0.5,0.0,1.3516341941864785,4.015212979553364,1.2572341319090978,4.131483031928441,4.1503763989720115
51.0,0.5,0.0,1.3483231272405682,4.1503763989720115,1.4126887513673552,3.7601368107234006,4.285208711696068
51.1,0.5,0.0,1.3449109588916124,4.285208711696068,1.2909018427201355,4.210877871021659,4.419699807585229
51.2,0.5,0.0,1.341398760832493,4.419699807585229,1.373715082491342,4.444569175839164,4.553839683668479
51.300000000000004,0.5,0.0,1.3377876324063385,4.553839683668479,1.3830244659398658,4.532314520713217,4.687618446909113
51.400000000000006,0.5,0.0,1.334078699888592,4.687618446909113,1.4809767670669935,4.885319977331633,4.821026316897972
51.5,0.5,0.0,1.3302731157553314,4.821026316897972,1.3140377602613018,4.907187623456985,4.954053628473504
51.6,0.5,0.0,1.3263720579386253,4.954053628473504,1.3564556075084342,5.121135133000504,5.086690834267367
51.7,0.5,0.0,1.322376729069741,5.086690834267367,1.203572290739546,4.914597763709677,5.218928507174342
51.800000000000004,0.5,0.0,1.318288355711009,5.218928507174342,1.4135214407745085,5.4433823592769786,5.3507573427454425
51.900000000000006,0.5,0.0,1.3141081875771672,5.3507573427454425,1.253267479731458,5.75799157965144,5.482168161503159
52.0,0.5,0.0,1.3098374967470032,5.482168161503159,1.2649771636199836,5.239630781590306,5.61315191117786
52.1,0.5,0.0,1.3054775768661209,5.61315191117786,1.303697753278184,5.39122799724922,5.743699668864472
52.2,0.5,0.0,1.3010297423416584,5.743699668864472,1.1759989947144704,6.07764575294453,5.873802643098638
52.300000000000004,0.5,0.0,1.2964953275297824,5.873802643098638,1.3147969298440974,5.825966646424873,6.003452175851616
52.400000000000006,0.5,0.0,1.2918756859167875,6.003452175851616,1.3692729877507883,6.354407523868256,6.132639744443295
52.5,0.5,0.0,1.2871721892946233,6.132639744443295,1.3106068951744065,6.022005816470249,6.261356963372757
52.6,0.5,0.0,1.2823862269316704,6.261356963372757,1.1552744217973723,6.625118357440435,6.389595586065924
52.7,0.5,0.0,1.2775192047395805,6.389595586065924,1.2676144611932076,6.4224670402672865,6.517347506539882
52.800000000000004,0.5,0.0,1.272572544436995,6.517347506539882,1.3319348566753544,6.581904712370556,6.644604760983581
52.900000000000006,0.5,0.0,1.2675476827109429,6.644604760983581,1.1173085814336703,7.035784266401057,6.771359529254675
53.0,0.5,0.0,1.2624460703767155,6.771359529254675,1.1764647892712985,6.680916909893632,6.897604136292347
53.1,0.5,0.0,1.2572691715370081,6.897604136292347,1.3273926598635297,6.662323612311107,7.023331053446047
53.2,0.5,0.0,1.2520184627411013,7.023331053446047,1.2736260974768843,6.911190001438959,7.148532899720157
53.300000000000004,0.5,0.0,1.2466954321448553,7.148532899720157,1.2796531587149957,7.261616387380942,7.273202442934643
53.400000000000006,0.5,0.0,1.2413015786722685,7.273202442934643,1.3900611632821334,6.881762674889514,7.39733260080187
53.5,0.5,0.0,1.2358384111793415,7.39733260080187,1.2733226334598378,7.55670032646465,7.5209164419198045
53.6,0.5,0.0,1.230307447620981,7.5209164419198045,1.2829384884556354,7.386223612515368,7.643947186681903
53.7,0.5,0.0,1.2247102142216533,7.643947186681903,1.4415698563991193,7.930900351865294,7.766418208104068
53.800000000000004,0.5,0.0,1.2190482446504887,7.766418208104068,1.2019438800032494,7.1678531318789505,7.888323032569117
53.900000000000006,0.5,0.0,1.2133230792015186,7.888323032569117,1.149492458112039,7.691681588793075,8.00965534048927
54.0,0.5,0.0,1.2075362639797151,8.00965534048927,1.2417599758394857,7.588038302680744,8.130408966887241
54.1,0.5,0.0,1.2016893500934787,8.130408966887241,1.2368086324445902,7.923851600296254,8.25057790189659
54.2,0.5,0.0,1.195783892854207,8.25057790189659,1.1536466614985104,8.312494377173826,8.37015629118201
54.300000000000004,0.5,0.0,1.1898214509835585,8.37015629118201,1.1072296894191707,8.32534963481957,8.489138436280365
54.400000000000006,0.5,0.0,1.183803585829002,8.489138436280365,1.3685911395962083,8.42579404404336,8.607518794863266
54.5,0.5,0.0,1.1777318605882268,8.607518794863266,1.2038793382192685,8.56772257701825,8.725291980922089
54.6,0.5,0.0,1.1716078395429699,8.725291980922089,1.1130250090308038,8.776139041077075,8.842452764876386
54.7,0.5,0.0,1.1654330873027898,8.842452764876386,1.2387075114851578,8.590318754390609,8.958996073606665
54.800000000000004,0.5,0.0,1.159209168059301,8.958996073606665,1.1504775559343943,9.135708483831428,9.074916990412595
54.900000000000006,0.5,0.0,1.1529376448513624,9.074916990412595,1.1327071291459359,9.240583483008965,9.19021075489773
55.0,0.5,0.0,1.146620078841686,9.19021075489773,1.1916019085948455,9.286470239311756,9.3048727627819
55.1,0.5,0.0,1.1402580286053186,9.3048727627819,1.0369074471467834,9.444006123469716,9.418898565642431
55.2,0.5,0.0,1.1338530494304169,9.418898565642431,1.1620632257437906,9.493003065844595,9.532283870585474
55.300000000000004,0.5,0.0,1.127406692631728,9.532283870585474,1.2804430772502684,10.04105219626824,9.645024539848647
55.400000000000006,0.5,0.0,1.120920504877152,9.645024539848647,1.158214717852937,9.623250997085519,9.757116590336363
55.5,0.5,0.0,1.1143960275277487,9.757116590336363,1.0842990592250716,9.680345785752719,9.868556193089137
55.6,0.5,0.0,1.107834795991526,9.868556193089137,1.0672663735572667,9.680174297999793,9.97933967268829
55.7,0.5,0.0,1.1012383390913287,9.97933967268829,1.06841114122372,9.721274005043831,10.089463506597424
55.800000000000004,0.5,0.0,1.0946081784471162,10.089463506597424,1.0742911642032937,9.778345559697154,10.198924324442135
55.900000000000006,0.5,0.0,1.0879458278729075,10.198924324442135,1.0577213052522458,9.976724996134406,10.307718907229425
56.0,0.5,0.0,1.0812527927886348,10.307718907229425,1.1545577080746001,10.290048811816407,10.41584418650829
56.1,0.5,0.0,1.0745305696471443,10.41584418650829,0.9358738413904257,10.499417968632718,10.523297243473005
56.2,0.5,0.0,1.0677806453765402,10.523297243473005,1.136740649409511,10.536082758111045,10.630075308010658
56.300000000000004,0.5,0.0,1.0610044968380663,10.630075308010658,1.0306295748266614,10.43869148865323,10.736175757694465
56.400000000000006,0.5,0.0,1.054203590299681,10.736175757694465,1.0843594131553107,10.961221898699456,10.841596116724434
56.5,0.5,0.0,1.047379380925477,10.841596116724434,0.9572203481094079,11.026449284799671,10.946334054816981
56.6,0.5,0.0,1.040533312281062,10.946334054816981,1.146823797629017,10.906421977961477,11.050387386045088
56.7,0.5,0.0,1.0336668158550066,11.050387386045088,1.1333176126687565,10.88715834987891,11.153754067630588
56.800000000000004,0.5,0.0,1.026781310596442,11.153754067630588,1.103548552656448,11.290861047838039,11.256432198690232
56.900000000000006,0.5,0.0,1.0198782024688693,11.256432198690232,0.8986978204053861,11.303425595561759,11.35842001893712
57.0,0.5,0.0,1.0129588840202253,11.35842001893712,1.0792885697055095,10.996388204083358,11.459715907339142
57.1,0.5,0.0,1.0060247339692345,11.459715907339142,1.0384131409800912,11.442720843343041,11.560318380736065
57.2,0.5,0.0,0.9990771168080476,11.560318380736065,0.8706554170374421,11.62582733375466,11.66022609241687
57.300000000000004,0.5,0.0,0.9921173824211623,11.66022609241687,0.990173591719497,11.435302395794931,11.759437830658987
57.400000000000006,0.5,0.0,0.9851468657205986,11.759437830658987,1.0143096248432597,11.806898678868349,11.857952517231046
57.5,0.5,0.0,0.9781668862972817,11.857952517231046,1.0226529082031337,11.4942468959166,11.955769205860774
57.6,0.5,0.0,0.9711787480885736,11.955769205860774,0.9853596574444821,12.289815730863817,12.052887080669631
57.7,0.5,0.0,0.9641837390618812,12.052887080669631,0.9874822524096716,12.36487457693449,12.149305454575819
57.800000000000004,0.5,0.0,0.9571831309142427,12.149305454575819,1.0750720422944904,12.086176121000078,12.245023767667243
57.900000000000006,0.5,0.0,0.9501781787877928,12.245023767667243,1.048260891580647,12.335887352127012,12.340041585546022
58.0,0.5,0.0,0.9431701210009844,12.340041585546022,0.7138057246983649,11.737561094096053,12.43435859764612
58.1,0.5,0.0,0.9361601787954319,12.43435859764612,0.9107650944084174,12.145271682579788,12.527974615525665
58.2,0.5,0.0,0.9291495560982337,12.527974615525665,0.9159774738947176,12.454529885487633,12.620889571135487
58.300000000000004,0.5,0.0,0.9221394392996104,12.620889571135487,0.7819715534814526,12.352856315778773,12.713103515065448
58.400000000000006,0.5,0.0,0.9151309970456916,12.713103515065448,0.9226656417042766,12.891702635723114,12.804616614770017
58.5,0.5,0.0,0.9081253800462668,12.804616614770017,1.0080260018391072,13.303940747457016,12.895429152774645
58.6,0.5,0.0,0.9011237208973093,12.895429152774645,0.8141982921300621,12.601275472917319,12.985541524864376
58.7,0.5,0.0,0.8941271339180689,12.985541524864376,0.9210392090132586,12.776175673843078,13.074954238256183
58.800000000000004,0.5,0.0,0.88713671500252,13.074954238256183,0.813870836818805,13.133816330333666,13.163667909756434
58.900000000000006,0.5,0.0,0.880153541484946,13.163667909756434,0.8264005795905718,13.566446946881339,13.251683263904928
59.0,0.5,0.0,0.873178672019426,13.251683263904928,0.9913701627530288,12.946089685769952,13.33900113110687
59.1,0.5,0.0,0.8662131464729887,13.33900113110687,0.8228085208640428,13.401260161683606,13.42562244575417
59.2,0.5,0.0,0.8592579858321854,13.42562244575417,0.8962349849530353,13.880947158457447,13.511548244337389
59.300000000000004,0.5,0.0,0.8523141921228296,13.511548244337389,0.7026167428379506,13.098608457292572,13.596779663549672
59.400000000000006,0.5,0.0,0.8453827483426462,13.596779663549672,0.9943681532542366,13.276512361838213,13.681317938383936
59.5,0.5,0.0,0.8384646184065617,13.681317938383936,0.8866768141110817,13.575416286768727,13.765164400224592
59.6,0.5,0.0,0.8315607471043687,13.765164400224592,0.8169607596923477,13.635017297010739,13.84832047493503
59.7,0.5,0.0,0.8246720600704857,13.84832047493503,0.8707157808704773,14.05147079687344,13.930787680942078
59.800000000000004,0.5,0.0,0.8177994637655371,13.930787680942078,0.7050139094497123,13.991202610897288,14.012567627318631
59.900000000000006,0.5,0.0,0.8109438454694655,14.012567627318631,0.9055463048096781,13.5688271124081,14.093662011865579
60.0,0.5,0.0,0.8041060732858912,14.093662011865579,0.7781872912461768,14.222514612590782,14.174072619194169
60.1,0.5,0.0,0.7972869961574304,14.174072619194169,0.7809614349535556,14.029687897355256,14.253801318809911
60.2,0.5,0.0,0.7904874438916784,14.253801318809911,0.7511549946944396,14.572413123045221,14.332850063199079
60.300000000000004,0.5,0.0,0.7837082271975624,14.332850063199079,0.7372561149779157,14.175953179089849,14.411220885918835
60.400000000000006,0.5,0.0,0.7769501377317701,14.411220885918835,0.8325237866620429,14.252067065143276,14.488915899692012
60.5,0.5,0.0,0.7702139481549559,14.488915899692012,0.7906864961632938,14.624198802393146,14.565937294507508
60.6,0.5,0.0,0.7635004121974258,14.565937294507508,0.815640263509669,14.756668915091742,14.64228733572725
60.7,0.5,0.0,0.756810264734004,14.64228733572725,0.7561066895751584,14.7543121767113,14.71796836220065
60.800000000000004,0.5,0.0,0.750144221867782,14.71796836220065,0.7912002067539564,14.296569032854448,14.792982784387428
60.900000000000006,0.5,0.0,0.7435029810224514,14.792982784387428,0.7099950815084484,14.927491394369492,14.867333082489674
61.0,0.5,0.0,0.7368872210429241,14.867333082489674,0.915265768355688,14.608756069571074,14.941021804593966
61.1,0.5,0.0,0.7302976023039429,14.941021804593966,0.604863168989503,14.999840832491032,15.01405156482436
61.2,0.5,0.0,0.7237347668263855,15.01405156482436,0.8246097527114242,14.658117955974594,15.086425041506999
61.300000000000004,0.5,0.0,0.7171993384009715,15.086425041506999,0.8266319344586491,15.198005578392765,15.158144975347096
61.400000000000006,0.5,0.0,0.7106919227190788,15.158144975347096,0.6425192182418312,14.956495249270253,15.229214167619004
61.5,0.5,0.0,0.7042131075103778,15.229214167619004,0.8825549963548557,14.908555505053874,15.29963547837004
61.6,0.5,0.0,0.6977634626870021,15.29963547837004,0.7774026853226275,15.47809051249064,15.36941182463874
61.7,0.5,0.0,0.6913435404939644,15.36941182463874,0.7690346610397973,15.42982295505793,15.438546178688137
61.800000000000004,0.5,0.0,0.6849538756655417,15.438546178688137,0.6871956506276118,15.285051978339913,15.50704156625469
61.900000000000006,0.5,0.0,0.6785949855873478,15.50704156625469,0.6612168929298536,15.869836278509956,15.574901064813425
62.0,0.0,0.0,-0.8277326295361791,15.574901064813425,-0.8444853356993477,15.464737959420988,15.492127801859807
62.1,0.0,0.0,-0.8200180714874727,15.492127801859807,-0.7887756237819114,15.50015472035254,15.41012599471106
62.2,0.0,0.0,-0.8124159495186085,15.41012599471106,-0.7003210475158969,15.477354356630709,15.328884399759199
62.300000000000004,0.0,0.0,-0.8049240908235428,15.328884399759199,-0.7904189533946292,15.173967916227046,15.248391990676843
62.400000000000006,0.0,0.0,-0.7975403749040132,15.248391990676843,-0.8704558647549965,15.366176064026826,15.168637953186442
62.5,0.0,0.0,-0.7902627320645446,15.168637953186442,-0.7243085670737461,15.03527486639526,15.089611679979988
62.6,0.0,0.0,-0.7830891419577655,15.089611679979988,-0.7093970822461821,14.986702099425937,15.011302765784212
62.7,0.0,0.0,-0.7760176321781221,15.011302765784212,-0.7236448699022993,15.351963425735047,14.9337010025664
62.800000000000004,0.0,0.0,-0.7690462769021581,14.9337010025664,-0.7094063643801595,14.673554489438292,14.856796374876184
62.900000000000006,0.0,0.0,-0.7621731955736024,14.856796374876184,-0.783847445986227,14.253601292143811,14.780579055318825
63.0,0.0,0.0,-0.7553965516315886,14.780579055318825,-0.829715685002035,15.183313304071799,14.705039400155666
63.1,0.0,0.0,-0.7487145512803915,14.705039400155666,-0.818170025731654,15.342371388307416,14.630167945027628
63.2,0.0,0.0,-0.7421254422991418,14.630167945027628,-0.8729625021757704,14.528850628665294,14.555955400797714
63.300000000000004,0.0,0.0,-0.7356275128900365,14.555955400797714,-0.7166716239663605,14.071745890642667,14.48239264950871
63.400000000000006,0.0,0.0,-0.7292190905636318,14.48239264950871,-0.7358949932217592,14.404771655459724,14.409470740452347
63.5,0.0,0.0,-0.722898541059857,14.409470740452347,-0.7580975574222336,14.33791500299218,14.337180886346362
63.6,0.0,0.0,-0.7166642673034463,14.337180886346362,-0.953113773251052,14.289699926090798,14.265514459616018
63.7,0.0,0.0,-0.710514708392541,14.265514459616018,-0.8103001059680746,13.987167449135555,14.194462988776763
63.800000000000004,0.0,0.0,-0.70444833861926,14.194462988776763,-0.6147810865070067,14.339353274395883,14.124018154914838
63.900000000000006,0.0,0.0,-0.6984636665210918,14.124018154914838,-0.7516337465261423,14.255144998736359,14.054171788262728
64.0,0.0,0.0,-0.6925592339619999,14.054171788262728,-0.6637118997494527,13.680570383307902,13.984915864866528
64.10000000000001,0.0,0.0,-0.6867336152421865,13.984915864866528,-0.797988449640207,14.15971504779025,13.916242503342309
64.2,0.0,0.0,-0.680985416235493,13.916242503342309,-0.5658889776467545,14.429413748828782,13.84814396171876
64.3,0.0,0.0,-0.6753132735534633,13.84814396171876,-0.6868354863578374,13.891134044828025,13.780612634363413
64.4,0.0,0.0,-0.6697158537351295,13.780612634363413,-0.6465126220164468,13.696281343846287,13.7136410489899
64.5,0.0,0.0,-0.6641918524616224,13.7136410489899,-0.47812946911108756,13.678140245388018,13.647221863743736
64.60000000000001,0.0,0.0,-0.6587399937947351,13.647221863743736,-0.5374247857475828,13.801036055485877,13.581347864364263
64.7,0.0,0.0,-0.6533590294386151,13.581347864364263,-0.6778842791415798,13.148679962987458,13.516011961420402
64.8,0.0,0.0,-0.6480477380237781,13.516011961420402,-0.6955053528134069,13.557109637164727,13.451207187618024
64.9,0.0,0.0,-0.6428049244126804,13.451207187618024,-0.668848525334243,13.353591200252321,13.386926695176756
65.0,0.0,0.0,-0.6376294190261083,13.386926695176756,-0.5968375591479854,13.848882948415767,13.323163753274144
65.10000000000001,0.0,0.0,-0.632520077189674,13.323163753274144,-0.6409380079297436,13.279620569822905,13.259911745555177
65.2,0.0,0.0,-0.6274757784997365,13.259911745555177,-0.6590953101000142,13.676883648335057,13.197164167705203
65.3,0.0,0.0,-0.6224954262080865,13.197164167705203,-0.5051209261513632,12.921228993259701,13.134914625084395
65.4,0.0,0.0,-0.6175779466247677,13.134914625084395,-0.6267147379669947,13.281729416785094,13.073156830421919
65.5,0.0,0.0,-0.6127222885384218,13.073156830421919,-0.42875516109543627,13.153006896369726,13.011884601568077
65.60000000000001,0.0,0.0,-0.6079274226535734,13.011884601568077,-0.6006680175533995,12.794622789601881,12.95109185930272
65.7,0.0,0.0,-0.6031923410442915,12.95109185930272,-0.46036686950631334,12.995440887961955,12.89077262519829
65.8,0.0,0.0,-0.5985160566236849,12.89077262519829,-0.5699305028068348,13.19390233440619,12.830921019535921
65.9,0.0,0.0,-0.5938976026287062,12.830921019535921,-0.5168607567687503,12.749973093464272,12.77153125927305
66.0,0.0,0.0,-0.589336032119766,12.77153125927305,-0.647304916241184,12.34854059698061,12.712597656061075
66.10000000000001,0.0,0.0,-0.5848304174946686,12.712597656061075,-0.6531311553016615,12.708206949441713,12.654114614311608
66.2,0.0,0.0,-0.5803798500164039,12.654114614311608,-0.5436033736152049,12.42850884061348,12.596076629309968
66.3,0.0,0.0,-0.5759834393543463,12.596076629309968,-0.4968991799571211,12.510491394643998,12.538478285374532
66.4,0.0,0.0,-0.5716403131384261,12.538478285374532,-0.5684197929783891,12.518081342953252,12.48131425406069
66.5,0.0,0.0,-0.5673496165258557,12.48131425406069,-0.6702610833325515,12.054901200056811,12.424579292408104
66.60000000000001,0.0,0.0,-0.5631105117800088,12.424579292408104,-0.671931181083155,12.020664707577936,12.368268241230103
66.7,0.0,0.0,-0.5589221778610636,12.368268241230103,-0.6730930900359628,12.488784950111484,12.312376023443997
66.8,0.0,0.0,-0.5547838100280359,12.312376023443997,-0.6961935790631864,12.181696349401577,12.256897642441194
66.9,0.0,0.0,-0.5506946194518415,12.256897642441194,-0.5419357906960744,11.615711556986053,12.20182818049601
67.0,0.0,0.0,-0.5466538328390398,12.20182818049601,-0.4566503191023978,12.398039189648044,12.147162797212106
67.10000000000001,0.0,0.0,-0.5426606920659215,12.147162797212106,-0.5437339550199062,12.215255236030666,12.092896728005513
67.2,0.0,0.0,-0.5387144538226194,12.092896728005513,-0.7195476344096476,11.914428021996393,12.039025282623252
67.3,0.0,0.0,-0.5348143892669256,12.039025282623252,-0.5500752260936895,11.709817729858692,11.98554384369656
67.4,0.0,0.0,-0.5309597836875175,11.98554384369656,-0.5439837034181261,12.194495817775143,11.932447865327807
67.5,0.0,0.0,-0.5271499361762985,11.932447865327807,-0.35947003615826334,12.019785520967915,11.879732871710178
67.60000000000001,0.0,0.0,-0.5233841593095742,11.879732871710178,-0.6399551923431387,12.475383442381197,11.82739445577922
67.7,0.0,0.0,-0.5196617788377911,11.82739445577922,-0.5509159870457268,11.932441605460454,11.775428277895442
67.8,0.0,0.0,-0.5159821333835788,11.775428277895442,-0.37951391894001363,11.872354063210945,11.723830064557085
67.9,0.0,0.0,-0.5123445741478377,11.723830064557085,-0.4763463068401139,11.682098082029944,11.6725956071423
68.0,0.0,0.55,-3.5337484646236335,11.6725956071423,-3.4886834187423195,11.876789573942498,11.319220760679936
68.10000000000001,0.0,0.55,-3.5093742758870237,11.319220760679936,-3.5002075209251133,11.475492060991975,10.968283333091234
68.2,0.0,0.55,-3.485909717824901,10.968283333091234,-3.4595142347323202,11.281214585232533,10.619692361308744
68.3,0.0,0.55,-3.4633335975465185,10.619692361308744,-3.401124835124236,10.489361631649423,10.273359001554091
68.4,0.0,0.55,-3.441625715524438,10.273359001554091,-3.5063846210358594,10.1645071333181,9.929196430001648
68.5,0.0,0.55,-3.4207668252366727,9.929196430001648,-3.350522138924017,9.809420637273652,9.587119747477981
68.60000000000001,0.0,0.55,-3.4007385951574474,9.587119747477981,-3.5105788365082904,9.784820177772728,9.247045887962237
68.7,0.0,0.55,-3.381523572962238,9.247045887962237,-3.355254135135715,9.62163949803642,8.908893530666013
68.8,0.0,0.55,-3.3631051518222286,8.908893530666013,-3.3488058747593223,8.794183407378688,8.57258301548379
68.9,0.0,0.55,-3.345467538672084,8.57258301548379,-3.394770985727453,8.466389583535518,8.238036261616582
69.0,0.0,0.55,-3.3285957243431294,8.238036261616582,-3.330410546369181,8.316555567584032,7.905176689182269
69.10000000000001,0.0,0.55,-3.3124754554615725,7.905176689182269,-3.3622786676748166,7.8437363141790435,7.573929143636112
69.2,0.0,0.55,-3.297093208018462,7.573929143636112,-3.3828293141674015,7.811942556921084,7.244219822834266
69.3,0.0,0.55,-3.282436162524635,7.244219822834266,-3.310725341853727,6.681275500179504,6.915976206581802
69.4,0.0,0.55,-3.2684921806700173,6.915976206581802,-3.3568112714997502,6.709299944852578,6.5891269885148
69.5,0.0,0.55,-3.2552497834123226,6.5891269885148,-3.2294259862848627,6.393522905024438,6.263602010173567
69.60000000000001,0.0,0.55,-3.2426981304255516,6.263602010173567,-3.3347049699577407,5.683513007077031,5.939332197131012
69.7,0.0,0.55,-3.230827000843632,5.939332197131012,-3.173868839004348,5.698422586038811,5.616249497046649
69.8,0.0,0.55,-3.2196267752392305,5.616249497046649,-3.314145100673536,5.387460468085168,5.294286819522726
69.9,0.0,0.55,-3.2090884187821165,5.294286819522726,-3.254392012028597,5.244010655893018,4.973377977644514
70.0,0.0,0.55,-3.199203465525559,4.973377977644514,-3.249171738182773,5.25161945055958,4.653457631091958
70.10000000000001,0.0,0.55,-3.1899640037731043,4.653457631091958,-3.0839522654631173,4.592192468294282,4.3344612307146475
70.2,0.0,0.55,-3.1813626624817055,4.3344612307146475,-3.1549394668323782,4.076757800646859,4.016324964466477
70.3,0.0,0.55,-3.17339259866059,4.016324964466477,-3.190331302864142,4.002086329163095,3.6989857046004184
70.4,0.0,0.55,-3.166047485728515,3.6989857046004184,-3.126149930442937,3.961279109960756,3.382380956027567
70.5,0.0,0.55,-3.1593215027950943,3.382380956027567,-3.3278968905814694,3.138391251998841,3.0664488057480574
70.60000000000001,0.0,0.55,-3.1532093248348216,3.0664488057480574,-3.1566600120060944,2.8388050847676953,2.751127873264575
70.7,0.0,0.55,-3.1477061137251603,2.751127873264575,-2.9879049795007795,2.890765113083131,2.4363572618920593
70.8,0.0,0.55,-3.142807510122723,2.4363572618920593,-3.132219789610509,2.380973232959359,2.1220765108797868
70.9,0.0,0.55,-3.1385096261540837,2.1220765108797868,-3.1330765726205367,2.2839476835571553,1.8082255482643783
71.0,0.0,0.55,-3.1348090389001886,1.8082255482643783,-3.0909587685288127,1.8048138503155542,1.4947446443743595
71.10000000000001,0.0,0.55,-3.131702784655658,1.4947446443743595,-3.0600543651905103,1.6701605563967512,1.1815743659087936
71.2,0.0,0.55,-3.129188353946519,1.1815743659087936,-3.2889856893777076,0.9228048373986334,0.8686555305141417
71.3,0.0,0.55,-3.127263687292079,0.8686555305141417,-3.261849805835361,0.8656343678170748,0.5559291617849338
71.4,0.0,0.55,-3.1259271716987693,0.5559291617849338,-3.1091038684118777,0.5032566581941446,0.24333644461505682
71.5,0.0,0.55,-3.1251776378758342,0.24333644461505682,-3.182367762827635,0.0,0.0
71.60000000000001,0.0,0.55,-3.0250000000000004,0.0,-2.9200379790224074,0.0,0.0
71.7,0.0,0.55,-3.0250000000000004,0.0,-3.0502139511908184,0.17143725881866545,0.0
71.8,0.0,0.55,-3.0250000000000004,0.0,-3.17976245885705,0.0,0.0
71.9,0.0,0.55,-3.0250000000000004,0.0,-3.12644111334752,0.0,0.0
72.0,0.0,0.55,-3.0250000000000004,0.0,-3.2449740815704464,0.0,0.0
72.10000000000001,0.0,0.55,-3.0250000000000004,0.0,-3.0437300429826335,0.28200471433732566,0.0
72.2,0.0,0.55,-3.0250000000000004,0.0,-3.040070730181151,0.0,0.0
72.3,0.0,0.55,-3.0250000000000004,0.0,-3.058957016782552,0.0,0.0
72.4,0.0,0.55,-3.0250000000000004,0.0,-2.938689676877621,0.0,0.0
72.5,0.0,0.55,-3.0250000000000004,0.0,-2.929118413078665,0.36529471668008223,0.0
72.60000000000001,0.0,0.55,-3.0250000000000004,0.0,-3.038631073868489,0.07064674572982413,0.0
72.7,0.0,0.55,-3.0250000000000004,0.0,-3.195775493398149,0.1918293101153067,0.0
72.8,0.0,0.55,-3.0250000000000004,0.0,-2.97561747356062,0.0,0.0
72.9,0.0,0.55,-3.0250000000000004,0.0,-2.980571181719314,0.0,0.0
73.0,0.0,0.55,-3.0250000000000004,0.0,-3.0002486743874446,0.1119534291806776,0.0
73.10000000000001,0.0,0.55,-3.0250000000000004,0.0,-2.946481620055351,0.014568582733861638,0.0
73.2,0.0,0.55,-3.0250000000000004,0.0,-3.1181862477168836,0.13718470471603164,0.0
73.3,0.0,0.55,-3.0250000000000004,0.0,-2.864299569105189,0.0,0.0
73.4,0.0,0.55,-3.0250000000000004,0.0,-3.1017542202513497,0.06953593161365675,0.0
73.5,0.0,0.55,-3.0250000000000004,0.0,-2.965062165823932,0.039529771226277294,0.0
73.60000000000001,0.0,0.55,-3.0250000000000004,0.0,-3.1599878155530683,0.19444184727123134,0.0
73.7,0.0,0.55,-3.0250000000000004,0.0,-3.0994211749816043,0.20175207048611765,0.0
73.8,0.0,0.55,-3.0250000000000004,0.0,-2.9036905082619735,0.0,0.0
73.9,0.0,0.55,-3.0250000000000004,0.0,-3.0458719858400682,0.0,0.0
74.0,0.0,0.55,-3.0250000000000004,0.0,-2.9578061915893765,0.2504363494128768,0.0
74.10000000000001,0.0,0.55,-3.0250000000000004,0.0,-3.0060435689024607,0.29693127331548413,0.0
74.2,0.0,0.55,-3.0250000000000004,0.0,-3.033396652480014,0.0,0.0
74.3,0.0,0.55,-3.0250000000000004,0.0,-2.915891974005385,0.0,0.0
74.4,0.0,0.55,-3.0250000000000004,0.0,-3.0439327059721526,0.02475870525180023,0.0
74.5,0.0,0.55,-3.0250000000000004,0.0,-3.167459048605078,0.23270955658763234,0.0
74.60000000000001,0.0,0.55,-3.0250000000000004,0.0,-3.089259207356137,0.44939863060857865,0.0
74.7,0.0,0.55,-3.0250000000000004,0.0,-2.980904661703865,0.12907439302536275,0.0
74.8,0.0,0.55,-3.0250000000000004,0.0,-2.993359271491,0.0,0.0
74.9,0.0,0.55,-3.0250000000000004,0.0,-3.1503646600188353,0.0,0.0
75.0,0.0,0.55,-3.0250000000000004,0.0,-3.0829474015526563,0.002862822917663604,0.0
75.10000000000001,0.0,0.55,-3.0250000000000004,0.0,-3.07153770793618,0.0,0.0
75.2,0.0,0.55,-3.0250000000000004,0.0,-3.0542375675291384,0.0,0.0
75.3,0.0,0.55,-3.0250000000000004,0.0,-3.1350730870881245,0.5121889127158217,0.0
75.4,0.0,0.55,-3.0250000000000004,0.0,-3.0752696886495587,0.44629210051803275,0.0
75.5,0.0,0.55,-3.0250000000000004,0.0,-3.0832888388207627,0.2840121708888571,0.0
75.60000000000001,0.0,0.55,-3.0250000000000004,0.0,-2.963277339219047,0.0,0.0
75.7,0.0,0.55,-3.0250000000000004,0.0,-2.9602702951207807,0.2137548310743197,0.0
75.8,0.0,0.55,-3.0250000000000004,0.0,-3.036664836647106,0.15990660237447546,0.0
75.9,0.0,0.55,-3.0250000000000004,0.0,-3.0563631836696588,0.11063640605101324,0.0
76.0,0.0,0.55,-3.0250000000000004,0.0,-3.0138060550368713,0.3124163167609443,0.0
76.10000000000001,0.0,0.55,-3.0250000000000004,0.0,-3.0903260085964463,0.15884278571531935,0.0
76.2,0.0,0.55,-3.0250000000000004,0.0,-3.1167465665733958,0.18500355907608387,0.0
76.3,0.0,0.55,-3.0250000000000004,0.0,-3.100217696714058,0.15922657084305253,0.0
76.4,0.0,0.55,-3.0250000000000004,0.0,-3.075785053117717,0.08519785200052647,0.0
76.5,0.0,0.55,-3.0250000000000004,0.0,-3.118077903983382,0.0,0.0
76.60000000000001,0.0,0.55,-3.0250000000000004,0.0,-3.01203523527497,0.020905269352639307,0.0
76.7,0.0,0.55,-3.0250000000000004,0.0,-2.9666227460973036,0.0,0.0
76.80000000000001,0.0,0.55,-3.0250000000000004,0.0,-3.1519678640638595,0.0,0.0
76.9,0.0,0.55,-3.0250000000000004,0.0,-3.0229897031027178,0.420454154825206,0.0
77.0,0.0,0.55,-3.0250000000000004,0.0,-3.042594863621307,0.4322488352214259,0.0
77.10000000000001,0.0,0.55,-3.0250000000000004,0.0,-2.9976793051570563,0.339805150073903,0.0
77.2,0.0,0.55,-3.0250000000000004,0.0,-3.0260351014482874,0.06380335421396865,0.0
77.30000000000001,0.0,0.55,-3.0250000000000004,0.0,-3.141287942394531,0.3376562802381642,0.0
77.4,0.0,0.55,-3.0250000000000004,0.0,-3.1259911439085735,0.0030132951504563857,0.0
77.5,0.0,0.55,-3.0250000000000004,0.0,-3.0226461139532024,0.050699319224444844,0.0
77.60000000000001,0.0,0.55,-3.0250000000000004,0.0,-2.9426975264203596,0.0,0.0
77.7,0.0,0.55,-3.0250000000000004,0.0,-3.2021349896834406,0.09924782612471,0.0
77.80000000000001,0.0,0.55,-3.0250000000000004,0.0,-2.997341873615874,0.015096482106104274,0.0
77.9,0.0,0.55,-3.0250000000000004,0.0,-2.929830239576989,0.0,0.0
78.0,0.0,0.0,0.0,0.0,-0.012242070096497049,0.0,0.0
78.10000000000001,0.0,0.0,0.0,0.0,0.044016199682115266,0.0,0.0
78.2,0.0,0.0,0.0,0.0,-0.056245526471824174,0.44939029166116,0.0
78.30000000000001,0.0,0.0,0.0,0.0,-0.009549295942150145,0.22355333212835238,0.0
78.4,0.0,0.0,0.0,0.0,-0.12967308146465212,0.002861359772866504,0.0
78.5,0.0,0.0,0.0,0.0,-0.1875474646735099,0.06219682745027075,0.0
78.60000000000001,0.0,0.0,0.0,0.0,0.07542126409802202,0.011053094526049514,0.0
78.7,0.0,0.0,0.0,0.0,-0.07879959421795535,0.0,0.0
78.80000000000001,0.0,0.0,0.0,0.0,-0.03644222760027444,0.0,0.0
78.9,0.0,0.0,0.0,0.0,-0.11091538026161546,0.0,0.0
79.0,0.0,0.0,0.0,0.0,-0.11279757624671007,0.0,0.0
79.10000000000001,0.0,0.0,0.0,0.0,-0.01390701600756931,0.0,0.0
79.2,0.0,0.0,0.0,0.0,-0.058366175530851716,0.12780545363688367,0.0
79.30000000000001,0.0,0.0,0.0,0.0,0.030237679839575878,0.09781616498330874,0.0
79.4,0.0,0.0,0.0,0.0,0.03620307351836735,0.0,0.0
79.5,0.0,0.0,0.0,0.0,0.025667971705968573,0.0,0.0
79.60000000000001,0.0,0.0,0.0,0.0,0.019088063274275497,0.24892534647498088,0.0
79.7,0.0,0.0,0.0,0.0,0.1262214563945509,0.2648059347240802,0.0
79.80000000000001,0.0,0.0,0.0,0.0,-0.08540750152359088,0.25645921072130967,0.0
79.9,0.0,0.0,0.0,0.0,-0.00439478929623342,0.00972830172536495,0.0
